,OverTime_Yes,YearsAtCompany,Age,BusinessTravel_Travel_Frequently,DailyRate,MaritalStatus_Single,MonthlyIncome,JobRole_Manufacturing Director,TotalWorkingYears,HourlyRate,Attrition,Total_Weighted_Score,Rank
0,1.0,0,18,1.0,544,1.0,1569,0.0,0,70,1,2.655262030426057,1.0
1,1.0,1,25,1.0,599,1.0,1118,0.0,1,73,1,2.6248032999813438,2.0
2,1.0,0,18,1.0,1306,1.0,1878,0.0,0,69,1,2.6052789007881048,3.0
3,1.0,1,20,1.0,871,1.0,2926,0.0,1,66,1,2.5180881127119634,4.0
4,1.0,1,29,1.0,459,1.0,2439,0.0,1,73,1,2.45269442696128,5.0
5,1.0,1,20,0.0,1362,1.0,1009,0.0,1,32,1,2.4340322222437454,6.0
6,1.0,0,19,0.0,528,1.0,1675,0.0,0,50,1,2.3546880897232585,7.0
7,1.0,1,19,0.0,504,1.0,1859,0.0,1,96,1,2.3386859085951137,8.0
8,1.0,1,19,0.0,419,1.0,2121,0.0,1,37,1,2.3259641358279706,9.0
9,1.0,2,20,1.0,769,1.0,2323,0.0,2,54,1,2.311252700408638,10.0
10,1.0,1,19,0.0,265,1.0,2994,0.0,1,57,0,2.309348907409931,11.0
11,1.0,0,24,1.0,381,1.0,3172,0.0,4,89,1,2.2880370855250325,12.0
12,1.0,1,30,1.0,464,1.0,2285,0.0,3,40,1,2.281879989542879,13.0
13,1.0,1,22,0.0,391,1.0,2472,0.0,1,75,1,2.2610552247933113,14.0
14,1.0,1,20,0.0,1097,1.0,2600,0.0,1,98,1,2.2566958955268737,15.0
15,1.0,3,21,1.0,756,1.0,2174,0.0,3,99,1,2.2258717266984904,16.0
16,1.0,1,26,0.0,471,1.0,2340,0.0,1,66,1,2.213484470604352,17.0
17,1.0,1,32,0.0,374,1.0,2795,0.0,1,87,1,2.1542141659219234,18.0
18,1.0,1,33,0.0,350,1.0,2851,0.0,1,34,1,2.149002737036907,19.0
19,1.0,3,31,1.0,1060,1.0,2302,0.0,3,54,1,2.108919597897436,20.0
20,1.0,4,28,1.0,791,1.0,2154,0.0,5,44,0,2.0943889472718924,21.0
21,1.0,4,32,1.0,238,1.0,2432,0.0,8,47,1,2.080961291040376,22.0
22,1.0,0,50,1.0,959,1.0,4728,0.0,5,81,1,2.0717878922676443,23.0
23,1.0,0,22,1.0,1256,0.0,2853,0.0,1,48,1,2.0641375310577357,24.0
24,1.0,5,27,1.0,1297,1.0,2379,0.0,6,53,0,2.06221535314723,25.0
25,1.0,6,24,1.0,567,1.0,3760,0.0,6,32,0,2.057436246500993,26.0
26,1.0,5,35,1.0,146,1.0,4930,0.0,6,79,0,2.0473429491181943,27.0
27,0.0,1,29,1.0,746,1.0,1091,0.0,1,45,1,2.0387419977776937,28.0
28,1.0,2,21,0.0,984,1.0,2070,0.0,2,70,0,2.036013061832003,29.0
29,1.0,2,21,0.0,501,1.0,2380,0.0,2,58,0,2.034448226151582,30.0
30,1.0,2,42,1.0,1271,1.0,2515,0.0,8,35,0,2.021224802455561,31.0
31,0.0,0,19,1.0,602,1.0,2325,0.0,1,100,1,2.0209510628850613,32.0
32,1.0,1,38,1.0,1490,0.0,1702,0.0,1,42,0,2.0045172285354127,33.0
33,1.0,3,29,1.0,461,1.0,6294,0.0,10,70,0,2.0034531198801844,34.0
34,1.0,0,29,0.0,906,1.0,2404,0.0,3,92,1,1.9947071645886982,35.0
35,0.0,1,31,1.0,667,1.0,1359,0.0,1,50,1,1.9728683189112444,36.0
36,1.0,4,28,0.0,103,1.0,2028,0.0,6,50,1,1.9723007793472374,37.0
37,1.0,8,29,1.0,337,1.0,7553,0.0,9,84,1,1.9675276586697286,38.0
38,0.0,0,18,0.0,287,1.0,1051,0.0,0,73,0,1.9575499195095025,39.0
39,1.0,10,33,1.0,1076,1.0,3348,0.0,10,70,1,1.945137010223956,40.0
40,1.0,9,35,1.0,482,1.0,4249,0.0,9,87,0,1.9400140376027233,41.0
41,1.0,10,32,1.0,1125,1.0,3919,0.0,10,72,1,1.9378111696940108,42.0
42,1.0,8,32,1.0,1316,1.0,4998,0.0,10,38,0,1.9245464759929043,43.0
43,0.0,1,19,0.0,303,1.0,1102,0.0,1,47,1,1.9216776618929983,44.0
44,1.0,9,34,1.0,658,1.0,6074,0.0,9,66,1,1.9148751235936894,45.0
45,1.0,0,37,0.0,1373,1.0,2090,0.0,7,92,1,1.9080403827909573,46.0
46,1.0,11,35,1.0,880,1.0,4581,0.0,13,36,1,1.9053902584348055,47.0
47,0.0,0,18,0.0,230,1.0,1420,0.0,0,54,1,1.8991068467274979,48.0
48,1.0,2,28,0.0,1434,1.0,3441,0.0,2,50,1,1.8935682180205582,49.0
49,1.0,2,31,0.0,408,1.0,2657,0.0,3,42,0,1.883948344596396,50.0
50,0.0,0,18,0.0,812,1.0,1200,0.0,0,69,0,1.8829491740169768,51.0
51,1.0,8,27,0.0,135,1.0,2394,0.0,8,51,1,1.88080794362354,52.0
52,1.0,15,33,1.0,515,1.0,13458,0.0,15,98,0,1.880378671623405,53.0
53,1.0,0,33,0.0,211,1.0,8564,0.0,11,74,1,1.8792444806600312,54.0
54,1.0,5,47,1.0,719,1.0,6397,0.0,8,77,1,1.878461042733161,55.0
55,1.0,1,35,0.0,104,0.0,2074,0.0,1,69,1,1.874870618723216,56.0
56,1.0,1,31,0.0,1276,0.0,1129,0.0,1,59,0,1.8649391252038718,57.0
57,1.0,0,23,0.0,1243,0.0,1601,0.0,1,63,1,1.8626241869162277,58.0
58,1.0,3,49,1.0,636,1.0,18665,0.0,22,35,0,1.8535846375536054,59.0
59,1.0,3,31,0.0,335,1.0,2321,0.0,4,46,1,1.8522470464865888,60.0
60,1.0,3,34,0.0,131,1.0,4538,0.0,4,86,0,1.8519937558847457,61.0
61,0.0,0,21,0.0,391,1.0,1232,0.0,0,96,0,1.8466685472677025,62.0
62,1.0,9,46,1.0,1211,1.0,5772,0.0,14,98,0,1.843813096885425,63.0
63,1.0,1,39,0.0,592,1.0,3646,0.0,11,54,1,1.841525488991074,64.0
64,0.0,0,18,0.0,247,1.0,1904,0.0,0,80,1,1.840603999358525,65.0
65,1.0,0,33,0.0,516,1.0,6388,0.0,14,69,0,1.837027868505128,66.0
66,1.0,21,42,1.0,481,1.0,13758,0.0,22,44,1,1.8293448377932544,67.0
67,1.0,2,33,0.0,1017,1.0,2313,0.0,5,55,1,1.8276420272622826,68.0
68,0.0,0,18,0.0,1431,1.0,1514,0.0,0,33,0,1.822197770902052,69.0
69,1.0,4,27,0.0,1220,1.0,2478,0.0,4,85,0,1.820207685918757,70.0
70,0.0,0,18,0.0,1124,1.0,1611,0.0,0,97,0,1.813707494041096,71.0
71,1.0,1,22,0.0,1294,0.0,2398,0.0,1,79,1,1.8135156885313106,72.0
72,1.0,4,29,0.0,896,1.0,2389,0.0,4,86,1,1.812793994358345,73.0
73,1.0,2,28,1.0,193,0.0,3867,0.0,2,52,0,1.8125646994105609,74.0
74,0.0,1,20,0.0,129,1.0,2973,0.0,1,84,1,1.812124126720221,75.0
75,1.0,32,50,1.0,333,1.0,14411,0.0,32,88,0,1.811908403035795,76.0
76,0.0,1,19,0.0,1181,1.0,1483,0.0,1,79,0,1.8093473217850464,77.0
77,1.0,5,23,0.0,1320,1.0,3989,0.0,5,93,1,1.7931135476496705,78.0
78,1.0,1,22,0.0,1123,0.0,2935,0.0,1,96,0,1.7928751172611892,79.0
79,1.0,6,25,0.0,240,1.0,5744,0.0,6,46,1,1.7910416589097924,80.0
80,1.0,5,24,0.0,1448,1.0,3202,0.0,6,62,1,1.7896145297783783,81.0
81,1.0,1,28,0.0,329,0.0,2408,0.0,1,51,1,1.7875736199949757,82.0
82,1.0,9,29,0.0,153,1.0,4193,0.0,10,49,0,1.7857454092449256,83.0
83,1.0,1,38,0.0,1035,1.0,6861,0.0,19,42,0,1.7853217948340079,84.0
84,0.0,1,21,0.0,1334,1.0,1416,0.0,1,36,1,1.7836273221412973,85.0
85,1.0,1,25,0.0,867,0.0,2413,0.0,1,36,1,1.7829418626608806,86.0
86,0.0,1,21,0.0,156,1.0,2716,0.0,1,90,1,1.7821805958966068,87.0
87,0.0,1,31,0.0,202,1.0,1261,0.0,1,34,1,1.7803197630877445,88.0
88,1.0,3,32,0.0,515,1.0,3730,0.0,4,62,1,1.7788132335714613,89.0
89,0.0,2,21,1.0,251,1.0,2625,0.0,2,45,1,1.7775943373742906,90.0
90,1.0,7,28,0.0,654,1.0,2216,0.0,10,67,1,1.7764439444214448,91.0
91,1.0,8,26,0.0,583,1.0,2875,0.0,8,53,0,1.7698604246565897,92.0
92,1.0,1,48,0.0,626,1.0,5381,0.0,23,98,1,1.769302371083558,93.0
93,1.0,5,25,0.0,891,1.0,4487,0.0,5,99,0,1.7679680798700088,94.0
94,1.0,1,26,0.0,482,0.0,2933,0.0,1,90,0,1.7669285070216287,95.0
95,0.0,1,30,0.0,945,1.0,1081,0.0,1,89,1,1.7586368684405889,96.0
96,1.0,3,33,0.0,1198,1.0,2799,0.0,6,100,0,1.758260847854621,97.0
97,1.0,1,41,0.0,896,1.0,13591,0.0,16,75,0,1.7561294929326778,98.0
98,1.0,1,29,0.0,805,0.0,2319,0.0,1,36,1,1.7526088476108377,99.0
99,1.0,2,28,0.0,1475,1.0,9854,0.0,6,84,1,1.751486148081072,100.0
100,1.0,5,38,0.0,152,1.0,5666,0.0,6,85,0,1.7496883519914606,101.0
101,1.0,1,40,0.0,1479,1.0,13194,0.0,22,100,1,1.7487902037148164,102.0
102,1.0,1,27,0.0,1450,0.0,2566,0.0,1,79,0,1.7476593131579845,103.0
103,1.0,5,30,0.0,1005,1.0,2657,0.0,8,88,1,1.7476070122944984,104.0
104,1.0,2,32,0.0,414,1.0,9907,0.0,7,82,1,1.7457989212223426,105.0
105,0.0,1,19,0.0,489,1.0,2564,0.0,1,52,1,1.7457444634478005,106.0
106,1.0,3,36,0.0,1157,1.0,2644,0.0,7,70,0,1.7420223163168682,107.0
107,1.0,5,27,0.0,1377,1.0,4478,0.0,5,74,0,1.7413551732378136,108.0
108,1.0,4,40,0.0,804,1.0,2342,0.0,5,86,0,1.7413102164996743,109.0
109,1.0,1,28,0.0,1485,0.0,2515,0.0,1,79,1,1.740882433773238,110.0
110,1.0,3,26,1.0,342,0.0,2042,0.0,6,57,1,1.7387990829829811,111.0
111,0.0,1,19,0.0,645,1.0,2552,0.0,1,54,0,1.737628848008721,112.0
112,1.0,1,58,1.0,781,0.0,2380,0.0,3,57,1,1.7337778226732936,113.0
113,1.0,3,38,0.0,371,1.0,3944,0.0,6,45,0,1.7333268156666364,114.0
114,1.0,1,40,1.0,1469,0.0,3617,0.0,3,35,0,1.7323944946252303,115.0
115,1.0,1,43,1.0,807,0.0,2437,0.0,6,38,1,1.7276071942369622,116.0
116,0.0,1,21,0.0,337,1.0,2679,0.0,1,31,1,1.7234029916172804,117.0
117,1.0,3,47,0.0,1454,1.0,3294,0.0,3,65,0,1.7221002004247248,118.0
118,1.0,4,40,0.0,1329,1.0,2166,0.0,10,73,1,1.7173879816693554,119.0
119,1.0,1,34,0.0,1333,0.0,2220,0.0,1,87,0,1.7158106376848477,120.0
120,1.0,10,33,0.0,527,1.0,2686,0.0,10,63,1,1.7139938841930915,121.0
121,1.0,4,41,0.0,1356,1.0,3140,0.0,4,70,1,1.7089013019708117,122.0
122,1.0,4,44,0.0,1037,1.0,2436,0.0,6,42,0,1.707772341279346,123.0
123,1.0,8,26,0.0,950,1.0,5828,0.0,8,48,1,1.7058195617638772,124.0
124,0.0,0,28,1.0,289,1.0,2561,0.0,8,38,1,1.7031999365942088,125.0
125,0.0,1,20,0.0,959,1.0,2836,0.0,1,83,0,1.6994701858826806,126.0
126,1.0,3,28,1.0,773,0.0,2703,0.0,3,39,0,1.6989860316624856,127.0
127,1.0,3,38,0.0,364,1.0,4317,0.0,19,32,0,1.698476641114116,128.0
128,1.0,10,35,1.0,130,0.0,2022,0.0,10,96,1,1.6902684317859125,129.0
129,0.0,1,31,1.0,703,1.0,2785,0.0,3,90,1,1.6884832347189385,130.0
130,0.0,1,21,0.0,1427,1.0,2693,0.0,1,65,1,1.6831340801689274,131.0
131,0.0,3,30,1.0,109,1.0,2422,0.0,4,60,1,1.6824736225211183,132.0
132,0.0,0,22,0.0,534,1.0,2871,0.0,1,59,0,1.6823345755340235,133.0
133,0.0,1,32,0.0,1259,1.0,1393,0.0,1,95,1,1.678439876566359,134.0
134,1.0,5,33,0.0,603,1.0,8224,0.0,6,77,1,1.6738456159732586,135.0
135,1.0,10,29,0.0,1370,1.0,4723,0.0,10,87,0,1.6737168436753749,136.0
136,1.0,6,44,0.0,1097,1.0,2936,0.0,6,96,1,1.6680997276999405,137.0
137,1.0,10,35,0.0,303,1.0,5813,0.0,10,84,1,1.6673947325202412,138.0
138,1.0,1,44,1.0,920,0.0,3161,0.0,19,43,1,1.6642050053500599,139.0
139,1.0,6,31,0.0,828,1.0,6582,0.0,10,77,0,1.6637767625084592,140.0
140,1.0,2,41,0.0,1206,1.0,7082,0.0,21,80,0,1.6597182947327145,141.0
141,1.0,5,34,0.0,1362,1.0,5304,0.0,9,67,1,1.6573755652114261,142.0
142,1.0,1,40,1.0,902,0.0,4422,0.0,16,92,0,1.65546866673151,143.0
143,1.0,5,35,0.0,670,1.0,6142,0.0,10,51,0,1.6545341941346234,144.0
144,1.0,5,40,0.0,299,1.0,9094,0.0,9,57,1,1.6502113573698487,145.0
145,0.0,1,27,0.0,618,1.0,2318,0.0,1,76,0,1.646323748575837,146.0
146,1.0,6,24,1.0,1287,0.0,2886,0.0,6,55,1,1.6441221605838814,147.0
147,1.0,2,31,1.0,523,0.0,3722,0.0,7,94,1,1.6436290997890857,148.0
148,0.0,1,26,0.0,1357,1.0,2293,0.0,1,48,1,1.6418157366837791,149.0
149,1.0,3,42,0.0,916,1.0,6545,0.0,10,82,0,1.6414134076900306,150.0
150,1.0,7,26,1.0,426,0.0,2741,0.0,8,58,1,1.6398358595477025,151.0
151,1.0,5,54,0.0,142,1.0,17328,0.0,23,30,0,1.638743340231573,152.0
152,1.0,18,41,0.0,263,1.0,4721,0.0,20,59,0,1.6376764843318183,153.0
153,1.0,15,34,0.0,790,1.0,4599,0.0,16,40,1,1.63410166677112,154.0
154,1.0,8,26,1.0,887,0.0,2366,0.0,8,88,1,1.6318296070453548,155.0
155,1.0,5,26,1.0,496,0.0,4741,0.0,5,60,0,1.619781572520342,156.0
156,1.0,1,42,1.0,458,0.0,13191,0.0,20,60,0,1.6183963948524092,157.0
157,1.0,6,41,0.0,1102,1.0,5993,0.0,8,94,1,1.6167691787390004,158.0
158,1.0,4,37,1.0,889,0.0,2326,0.0,4,53,0,1.6164742339810483,159.0
159,1.0,2,53,0.0,1168,1.0,10448,0.0,15,66,1,1.6146190822977702,160.0
160,1.0,8,41,0.0,509,1.0,6811,0.0,10,62,0,1.6139351983329604,161.0
161,1.0,5,36,0.0,1174,1.0,9278,0.0,15,99,0,1.6130869343326977,162.0
162,1.0,9,35,0.0,1146,1.0,8837,0.0,9,31,0,1.6126085515392772,163.0
163,1.0,8,35,0.0,1204,1.0,9582,0.0,9,86,1,1.6122461477230585,164.0
164,0.0,0,32,1.0,1318,1.0,4648,0.0,4,79,0,1.6059320453293866,165.0
165,0.0,2,22,1.0,1368,1.0,3894,0.0,4,99,1,1.6051165178685352,166.0
166,1.0,9,47,0.0,955,1.0,4163,0.0,9,83,0,1.6046950862570035,167.0
167,1.0,10,37,0.0,1252,1.0,7642,0.0,10,32,0,1.6010121134928659,168.0
168,1.0,2,42,1.0,933,0.0,2759,0.0,7,57,1,1.6003324389467117,169.0
169,0.0,1,29,0.0,1396,1.0,2642,0.0,1,99,0,1.5977138305979222,170.0
170,0.0,1,31,0.0,1082,1.0,2501,0.0,1,87,0,1.5928295018007903,171.0
171,1.0,20,43,0.0,930,1.0,4081,0.0,20,73,0,1.5910246504239194,172.0
172,0.0,1,45,0.0,252,1.0,2274,0.0,1,95,0,1.5909142389742492,173.0
173,1.0,10,45,0.0,1015,1.0,5769,0.0,10,50,0,1.5847949202605676,174.0
174,1.0,10,51,0.0,632,1.0,5441,0.0,11,71,0,1.5785493811309543,175.0
175,0.0,1,23,1.0,638,0.0,1790,0.0,1,33,1,1.576361346329093,176.0
176,1.0,5,44,1.0,429,0.0,2342,0.0,6,99,1,1.575838135781277,177.0
177,0.0,1,34,0.0,479,1.0,2972,0.0,1,35,0,1.5753206702878877,178.0
178,0.0,4,38,1.0,148,1.0,2440,0.0,4,42,0,1.574366160373193,179.0
179,1.0,6,27,1.0,1410,0.0,4647,0.0,6,71,0,1.5729146764043844,180.0
180,0.0,1,32,0.0,827,1.0,2956,0.0,1,71,0,1.5727686622517776,181.0
181,1.0,1,36,0.0,318,0.0,3388,0.0,2,79,1,1.572408100151681,182.0
182,0.0,1,30,1.0,160,0.0,2083,0.0,1,71,0,1.5671543086017934,183.0
183,0.0,0,47,1.0,1309,1.0,2976,0.0,5,99,0,1.562487697111167,184.0
184,1.0,5,34,1.0,878,0.0,3815,0.0,5,43,0,1.5591493903415559,185.0
185,1.0,4,35,1.0,662,0.0,4614,0.0,5,67,1,1.5573026694330114,186.0
186,0.0,5,29,1.0,115,1.0,5765,0.0,7,51,1,1.5543504560894614,187.0
187,1.0,8,52,0.0,1030,1.0,8446,0.0,10,64,1,1.5535816124354584,188.0
188,1.0,19,55,0.0,267,1.0,13695,0.0,24,85,1,1.5511072956010779,189.0
189,1.0,21,40,0.0,898,1.0,16437,0.0,21,38,0,1.5474283125128916,190.0
190,1.0,8,33,1.0,1392,0.0,2909,0.0,8,56,0,1.546648543958557,191.0
191,1.0,7,28,1.0,783,0.0,6834,0.0,7,42,0,1.5422934860192008,192.0
192,1.0,7,49,0.0,1091,1.0,13964,0.0,25,90,0,1.5350438304564704,193.0
193,0.0,1,40,1.0,720,1.0,5094,0.0,10,51,0,1.5311153830099389,194.0
194,1.0,6,38,1.0,1444,0.0,2991,0.0,7,88,0,1.5302870263198554,195.0
195,0.0,4,27,1.0,591,1.0,2580,0.0,6,87,0,1.5293699177509328,196.0
196,1.0,6,33,1.0,827,0.0,5488,0.0,6,84,0,1.5268366538376987,197.0
197,1.0,31,58,0.0,286,1.0,19246,0.0,40,31,1,1.5255348461379443,198.0
198,1.0,5,55,0.0,1311,1.0,16659,0.0,30,97,0,1.5246169609496796,199.0
199,1.0,3,36,1.0,1302,0.0,5562,0.0,9,80,0,1.5231595819613073,200.0
200,1.0,20,38,1.0,1394,0.0,2133,0.0,20,58,0,1.5217983255442766,201.0
201,0.0,2,20,0.0,500,1.0,2044,0.0,2,49,1,1.5209866001338885,202.0
202,1.0,3,23,0.0,427,0.0,2275,0.0,3,99,1,1.5199589393778263,203.0
203,1.0,24,45,0.0,1449,1.0,18824,0.0,26,94,1,1.5155160349123236,204.0
204,1.0,2,31,0.0,192,0.0,2695,0.0,3,32,0,1.5106550160445769,205.0
205,1.0,8,55,1.0,135,0.0,6385,0.0,17,62,0,1.510095438604366,206.0
206,1.0,3,34,1.0,988,0.0,9950,0.0,11,43,1,1.5095875337716018,207.0
207,1.0,10,31,1.0,754,0.0,5617,0.0,10,63,1,1.5092594468133649,208.0
208,1.0,36,55,0.0,452,1.0,19045,0.0,37,81,0,1.5090534053563305,209.0
209,1.0,33,52,0.0,771,1.0,19068,0.0,33,79,0,1.5014018288069475,210.0
210,0.0,1,30,1.0,448,0.0,2033,0.0,1,74,1,1.50030825548635,211.0
211,1.0,1,38,0.0,268,0.0,3057,0.0,6,92,0,1.4969461459325075,212.0
212,0.0,6,26,1.0,575,1.0,3102,0.0,7,73,1,1.4962582567350342,213.0
213,1.0,1,41,0.0,167,0.0,4766,0.0,6,46,0,1.4886905732232179,214.0
214,0.0,6,35,1.0,138,1.0,4425,0.0,10,37,0,1.4869101571718908,215.0
215,0.0,5,31,1.0,307,1.0,3479,0.0,6,71,1,1.4842602754492058,216.0
216,1.0,9,48,1.0,708,0.0,2655,0.0,19,95,1,1.4837280464886282,217.0
217,0.0,4,28,1.0,467,1.0,4898,0.0,5,55,0,1.4823642733868254,218.0
218,0.0,2,25,0.0,266,1.0,2096,0.0,2,40,0,1.481328007255045,219.0
219,1.0,2,24,0.0,813,0.0,2293,0.0,6,61,1,1.4805116186509786,220.0
220,0.0,0,45,1.0,364,1.0,18061,0.0,22,83,0,1.4804105577082887,221.0
221,1.0,2,29,0.0,350,0.0,2335,0.0,4,56,1,1.4800092671549565,222.0
222,0.0,2,20,0.0,654,1.0,2678,0.0,2,43,0,1.4782783625037665,223.0
223,1.0,10,35,1.0,1199,0.0,5689,0.0,10,80,0,1.4753215128182102,224.0
224,0.0,2,20,0.0,727,1.0,2728,0.0,2,54,0,1.4735533740126856,225.0
225,1.0,15,34,1.0,735,0.0,5747,0.0,16,86,0,1.4728371969688534,226.0
226,1.0,5,30,0.0,138,0.0,2132,0.0,7,48,1,1.469231672523748,227.0
227,0.0,0,44,0.0,111,1.0,2290,0.0,6,74,0,1.4679730745859214,228.0
228,0.0,8,43,1.0,185,1.0,2455,0.0,9,33,0,1.466963080934881,229.0
229,1.0,4,22,0.0,457,0.0,2814,0.0,4,85,0,1.4661129390812595,230.0
230,1.0,4,22,0.0,1136,0.0,2328,0.0,4,60,0,1.465282521752426,231.0
231,0.0,5,34,1.0,702,1.0,2553,0.0,6,100,0,1.464154765367034,232.0
232,0.0,1,28,1.0,1009,0.0,2596,0.0,1,45,1,1.4627542443444015,233.0
233,0.0,2,20,0.0,1141,1.0,2783,0.0,2,31,0,1.462658041643941,234.0
234,0.0,2,20,0.0,805,1.0,3033,0.0,2,87,0,1.4602517336394383,235.0
235,1.0,6,41,1.0,1200,0.0,5467,0.0,12,75,0,1.4595643416285138,236.0
236,1.0,5,25,0.0,141,0.0,4194,0.0,5,98,0,1.4571423470480445,237.0
237,0.0,1,27,1.0,1337,0.0,2863,0.0,1,58,1,1.4566515420918011,238.0
238,1.0,1,36,0.0,852,0.0,3419,0.0,6,82,0,1.4516273926910122,239.0
239,0.0,8,36,1.0,635,1.0,2153,0.0,8,73,0,1.4506767918874308,240.0
240,1.0,10,37,1.0,663,0.0,12185,0.0,10,47,0,1.4489220123512445,241.0
241,1.0,8,43,1.0,1001,0.0,5679,0.0,10,72,0,1.4481484721517248,242.0
242,0.0,7,26,1.0,1283,1.0,4294,0.0,7,52,0,1.4476981210307323,243.0
243,1.0,4,50,1.0,562,0.0,6796,0.0,18,50,1,1.446962270469282,244.0
244,1.0,3,26,0.0,991,0.0,2659,0.0,3,71,0,1.4441914093237556,245.0
245,1.0,1,42,0.0,603,0.0,2372,0.0,18,78,0,1.4435058844844695,246.0
246,1.0,10,44,1.0,602,0.0,5743,0.0,14,37,0,1.4429152418252427,247.0
247,1.0,20,42,1.0,288,0.0,10124,0.0,24,40,0,1.441046545872552,248.0
248,0.0,2,23,0.0,310,1.0,3505,0.0,2,79,0,1.4381743627202548,249.0
249,1.0,2,58,1.0,1216,0.0,15787,0.0,23,87,0,1.4375761597924706,250.0
250,0.0,6,27,1.0,793,1.0,5071,0.0,8,43,0,1.4365406256439812,251.0
251,1.0,22,47,1.0,217,0.0,13770,0.0,28,49,0,1.4337197743304029,252.0
252,1.0,1,37,0.0,309,0.0,6694,0.0,8,88,0,1.4294671866649793,253.0
253,0.0,7,31,1.0,561,1.0,4084,0.0,7,33,1,1.4273523773336554,254.0
254,0.0,8,36,1.0,1480,1.0,2088,0.0,13,30,0,1.4269062405686135,255.0
255,0.0,7,32,1.0,1005,1.0,3068,0.0,8,79,0,1.426369499363976,256.0
256,0.0,6,30,1.0,334,1.0,6696,0.0,9,52,1,1.4243257397878344,257.0
257,0.0,10,29,1.0,442,1.0,4554,0.0,10,44,0,1.422891435574715,258.0
258,1.0,18,40,1.0,580,0.0,10475,0.0,20,48,0,1.4207425745959679,259.0
259,1.0,15,38,1.0,240,1.0,5980,1.0,17,75,0,1.4183181631226611,260.0
260,0.0,3,23,0.0,160,1.0,3295,0.0,3,51,0,1.4179104355719863,261.0
261,1.0,3,26,0.0,1449,0.0,2373,0.0,5,45,1,1.4179040241185128,262.0
262,0.0,8,41,1.0,143,1.0,9355,0.0,8,56,1,1.4165207639317363,263.0
263,0.0,10,38,1.0,653,1.0,2406,0.0,10,50,0,1.4138157153415531,264.0
264,1.0,3,29,0.0,341,0.0,2800,0.0,5,48,1,1.4114506273354668,265.0
265,1.0,2,44,1.0,1193,1.0,10209,1.0,16,86,0,1.4097056978465483,266.0
266,0.0,2,21,0.0,546,1.0,3117,0.0,3,97,0,1.4092736583701668,267.0
267,1.0,4,31,0.0,140,0.0,3929,0.0,7,95,0,1.4071711516933385,268.0
268,1.0,25,43,1.0,394,0.0,16959,0.0,25,92,0,1.406560386408525,269.0
269,1.0,29,51,1.0,237,0.0,19847,0.0,31,83,0,1.4058876425826548,270.0
270,0.0,5,31,1.0,715,1.0,5332,0.0,10,54,0,1.404896001530147,271.0
271,1.0,2,25,0.0,977,0.0,3977,0.0,7,57,0,1.4047047971423188,272.0
272,1.0,10,46,1.0,638,0.0,10673,0.0,21,40,0,1.4046317841181253,273.0
273,0.0,1,23,0.0,373,0.0,1223,0.0,1,47,0,1.4029229227812587,274.0
274,1.0,1,36,0.0,430,0.0,6962,0.0,15,73,0,1.4018710592272976,275.0
275,0.0,12,30,1.0,721,1.0,4011,0.0,12,58,0,1.4008571755932528,276.0
276,1.0,5,26,0.0,920,0.0,2148,0.0,6,69,1,1.4007216840567178,277.0
277,0.0,7,33,1.0,508,1.0,4682,0.0,9,46,0,1.400093242160642,278.0
278,1.0,2,26,0.0,1443,0.0,4157,0.0,5,47,0,1.400043369901004,279.0
279,0.0,7,27,1.0,1242,1.0,9981,0.0,7,90,0,1.3991446527424753,280.0
280,0.0,0,28,0.0,529,1.0,3485,0.0,5,79,1,1.394137239414489,281.0
281,1.0,21,39,1.0,1218,0.0,19197,0.0,21,52,0,1.39398823416543,282.0
282,1.0,7,29,0.0,318,0.0,2119,0.0,7,77,1,1.3936372210943475,283.0
283,1.0,0,42,0.0,419,0.0,5087,0.0,14,77,0,1.3933826750389267,284.0
284,1.0,0,45,0.0,193,0.0,13245,0.0,17,52,0,1.3924533240755692,285.0
285,0.0,9,27,1.0,994,1.0,8726,0.0,9,37,0,1.3919721516674592,286.0
286,1.0,6,24,0.0,691,0.0,2725,0.0,6,89,0,1.3919491215683457,287.0
287,0.0,9,30,1.0,1312,1.0,4968,0.0,10,78,0,1.385883644545657,288.0
288,0.0,2,29,0.0,428,1.0,2760,0.0,2,52,1,1.3853724550517152,289.0
289,1.0,2,31,0.0,542,0.0,4559,0.0,4,71,1,1.3852517252201861,290.0
290,1.0,2,30,0.0,641,0.0,4736,0.0,4,85,0,1.3850115628408017,291.0
291,1.0,5,34,0.0,181,0.0,2932,0.0,6,97,0,1.380893986497698,292.0
292,1.0,1,38,0.0,833,0.0,5811,0.0,15,60,0,1.3808592428468889,293.0
293,1.0,2,29,0.0,1092,0.0,4787,0.0,4,36,1,1.3807440681040015,294.0
294,1.0,1,39,0.0,1162,0.0,5238,0.0,12,41,1,1.3802704368502319,295.0
295,0.0,3,21,0.0,895,1.0,2610,0.0,3,39,0,1.3794120226002509,296.0
296,1.0,1,38,0.0,168,1.0,7861,1.0,10,81,0,1.3792672011910552,297.0
297,0.0,6,34,1.0,618,1.0,7756,0.0,7,45,0,1.376080521331612,298.0
298,1.0,1,59,0.0,1324,0.0,2670,0.0,12,81,0,1.374947581449048,299.0
299,1.0,2,35,0.0,1490,0.0,2660,0.0,5,43,0,1.3738184179778932,300.0
300,1.0,5,29,0.0,942,0.0,2168,0.0,6,69,0,1.3723983425239037,301.0
301,1.0,8,50,1.0,1115,0.0,18172,0.0,28,73,0,1.3720904607373687,302.0
302,1.0,1,38,0.0,1180,0.0,6673,0.0,17,70,1,1.3660521437858886,303.0
303,0.0,1,24,0.0,240,0.0,1555,0.0,1,58,1,1.3648866940580866,304.0
304,0.0,13,33,1.0,827,1.0,4508,0.0,14,54,1,1.3648730818853212,305.0
305,0.0,10,36,1.0,1213,1.0,3886,0.0,10,94,0,1.364112337857282,306.0
306,1.0,5,27,0.0,210,0.0,6349,0.0,6,73,0,1.3638992627730107,307.0
307,1.0,1,58,0.0,1145,0.0,3346,0.0,9,75,0,1.3635780730528382,308.0
308,1.0,6,27,0.0,205,0.0,5769,0.0,6,98,0,1.3634650916824327,309.0
309,1.0,3,28,0.0,1157,0.0,3464,0.0,5,84,1,1.36309722320541,310.0
310,0.0,1,33,0.0,924,1.0,2496,0.0,7,78,0,1.3629842649418782,311.0
311,0.0,3,43,1.0,957,1.0,4739,0.0,18,72,0,1.3628206449506564,312.0
312,0.0,1,38,0.0,130,1.0,7351,0.0,10,32,0,1.362361972640078,313.0
313,1.0,30,50,1.0,1234,0.0,11245,0.0,32,41,0,1.3597735567401135,314.0
314,0.0,1,28,0.0,1144,0.0,1052,0.0,1,74,0,1.3589191199293547,315.0
315,0.0,3,33,0.0,134,1.0,2500,0.0,4,90,0,1.3584078426398614,316.0
316,0.0,7,51,1.0,968,1.0,2838,0.0,8,40,0,1.3570588405774022,317.0
317,1.0,8,34,0.0,204,0.0,2579,0.0,8,31,0,1.3570380655498853,318.0
318,1.0,5,24,0.0,1476,0.0,4162,0.0,5,42,0,1.3564992491515009,319.0
319,1.0,5,24,0.0,1371,0.0,4260,0.0,5,77,0,1.355763337730642,320.0
320,1.0,7,29,0.0,144,0.0,8268,0.0,7,39,0,1.355752297421452,321.0
321,0.0,0,38,0.0,362,1.0,2619,0.0,8,43,0,1.3555722469063187,322.0
322,0.0,3,21,0.0,996,1.0,3230,0.0,3,100,0,1.3555462131144744,323.0
323,1.0,3,37,0.0,807,0.0,2073,0.0,7,63,1,1.3545634409291165,324.0
324,0.0,13,34,1.0,669,1.0,5343,0.0,14,97,0,1.3536007244852086,325.0
325,1.0,3,32,0.0,499,0.0,4078,0.0,4,36,0,1.3530965131572843,326.0
326,0.0,9,32,1.0,967,1.0,8998,0.0,9,43,0,1.3527428560173307,327.0
327,1.0,2,35,0.0,1142,0.0,4014,0.0,4,30,0,1.3524898597225403,328.0
328,0.0,2,50,1.0,809,1.0,9208,0.0,16,77,0,1.3516075218417027,329.0
329,1.0,2,39,0.0,1122,0.0,2404,0.0,8,70,1,1.3507617666277825,330.0
330,1.0,9,27,0.0,1103,0.0,2235,0.0,9,42,0,1.3492576770191966,331.0
331,1.0,4,31,0.0,976,0.0,3065,0.0,4,48,0,1.3488499930283706,332.0
332,1.0,5,27,0.0,1157,0.0,3058,0.0,6,51,0,1.3460794350507412,333.0
333,0.0,3,21,0.0,1343,1.0,3447,0.0,3,49,0,1.3452045184512935,334.0
334,0.0,12,42,1.0,748,1.0,3673,0.0,12,74,0,1.3431331504200048,335.0
335,1.0,0,30,0.0,946,1.0,6877,1.0,12,52,0,1.3416022217604782,336.0
336,1.0,1,50,0.0,264,0.0,19331,0.0,27,59,0,1.3405358063454729,337.0
337,1.0,4,33,0.0,1075,0.0,2277,0.0,7,57,0,1.34024858543895,338.0
338,1.0,5,34,0.0,967,0.0,2307,0.0,5,85,1,1.3382927688778312,339.0
339,1.0,3,42,0.0,544,0.0,2696,0.0,4,52,0,1.3378488314572718,340.0
340,1.0,3,35,0.0,735,0.0,3506,0.0,4,66,0,1.335823636474358,341.0
341,0.0,4,45,1.0,1297,1.0,5399,0.0,12,44,0,1.332612361423104,342.0
342,0.0,4,23,0.0,507,1.0,2272,0.0,5,97,0,1.3315237547912846,343.0
343,0.0,10,35,1.0,944,1.0,8789,0.0,10,92,0,1.3308200562414143,344.0
344,1.0,7,25,0.0,1219,0.0,3691,0.0,7,32,1,1.330020362297638,345.0
345,1.0,21,39,1.0,945,1.0,10880,1.0,21,82,0,1.3299894629064066,346.0
346,0.0,3,22,0.0,581,1.0,3375,0.0,4,63,0,1.328308425558819,347.0
347,1.0,5,25,0.0,1382,0.0,4907,0.0,6,85,0,1.3267628351147212,348.0
348,1.0,6,34,0.0,254,0.0,3622,0.0,6,83,0,1.3265770018294685,349.0
349,0.0,2,38,0.0,1380,1.0,2288,0.0,2,75,0,1.3247837744639388,350.0
350,0.0,4,49,1.0,1475,1.0,4284,0.0,20,97,1,1.3246508784116342,351.0
351,0.0,2,32,1.0,116,0.0,2743,0.0,2,77,0,1.3244742646987715,352.0
352,1.0,6,31,0.0,1222,0.0,2356,0.0,8,48,0,1.3244508482828448,353.0
353,1.0,6,32,0.0,334,0.0,3298,0.0,7,80,0,1.324318652626892,354.0
354,0.0,1,42,0.0,188,1.0,4272,0.0,16,56,0,1.323604535661585,355.0
355,1.0,1,43,0.0,782,0.0,16627,0.0,21,50,0,1.3235812201178878,356.0
356,1.0,3,50,0.0,869,0.0,2683,0.0,3,86,1,1.3222427056591137,357.0
357,1.0,5,33,0.0,813,0.0,2436,0.0,8,58,1,1.3216213902639242,358.0
358,1.0,8,30,0.0,153,0.0,11416,0.0,9,73,0,1.319004758049038,359.0
359,0.0,4,25,0.0,180,1.0,3424,0.0,6,65,0,1.3184092055719798,360.0
360,1.0,2,44,0.0,528,0.0,3195,0.0,8,44,0,1.3181985995871628,361.0
361,0.0,1,58,0.0,289,1.0,2479,0.0,7,51,1,1.3181170273442282,362.0
362,0.0,6,32,0.0,128,1.0,2176,0.0,9,84,0,1.3170754347715465,363.0
363,0.0,10,30,0.0,125,1.0,2206,0.0,10,83,0,1.3152199797843034,364.0
364,1.0,1,37,0.0,1305,1.0,4197,1.0,18,49,0,1.3148519224350883,365.0
365,1.0,2,35,0.0,763,0.0,5440,0.0,7,59,1,1.3132040238633338,366.0
366,1.0,2,49,0.0,464,0.0,2587,0.0,17,74,0,1.3121860952435924,367.0
367,0.0,2,24,0.0,693,1.0,4577,0.0,4,65,1,1.3108583394280637,368.0
368,0.0,4,54,1.0,928,1.0,4869,0.0,20,31,0,1.3106707563616116,369.0
369,0.0,2,33,0.0,1038,1.0,2342,0.0,3,88,0,1.3098888782625535,370.0
370,0.0,1,37,0.0,1225,1.0,4680,0.0,4,80,0,1.3082694486160278,371.0
371,1.0,4,41,0.0,1283,0.0,2127,0.0,7,90,0,1.3072914306670225,372.0
372,0.0,7,26,0.0,157,1.0,2867,0.0,8,95,0,1.3054970715568235,373.0
373,1.0,5,37,0.0,571,0.0,2782,0.0,6,82,0,1.3043409628524698,374.0
374,1.0,4,35,0.0,622,0.0,3743,0.0,5,39,1,1.304009393499367,375.0
375,0.0,3,28,0.0,640,1.0,2080,0.0,5,84,0,1.3024752028877213,376.0
376,0.0,5,23,0.0,571,1.0,2647,0.0,5,78,0,1.298330723892725,377.0
377,0.0,5,32,0.0,120,1.0,3038,0.0,8,43,0,1.2981402401323159,378.0
378,1.0,7,29,0.0,806,0.0,3339,0.0,10,39,1,1.2980036101438595,379.0
379,0.0,19,39,1.0,505,1.0,10938,0.0,20,64,0,1.2976802024327934,380.0
380,0.0,2,26,0.0,265,1.0,4969,0.0,7,79,1,1.2976411999631388,381.0
381,1.0,4,29,0.0,1378,0.0,4025,0.0,10,46,0,1.2968748926685505,382.0
382,0.0,1,30,0.0,990,0.0,1274,0.0,1,64,0,1.2960985311021713,383.0
383,0.0,1,48,0.0,969,1.0,2559,0.0,7,76,0,1.2958577933855646,384.0
384,1.0,2,40,0.0,1142,0.0,4069,0.0,8,72,0,1.2955591133439326,385.0
385,0.0,3,33,0.0,118,1.0,5324,0.0,6,69,1,1.291632529422052,386.0
386,0.0,1,38,0.0,1404,1.0,2858,0.0,20,59,0,1.290939379840617,387.0
387,0.0,4,59,1.0,1225,1.0,5473,0.0,20,57,0,1.28885956063241,388.0
388,1.0,9,42,0.0,269,0.0,2593,0.0,10,56,0,1.2888162205057743,389.0
389,1.0,5,31,0.0,691,0.0,4821,0.0,6,86,0,1.2887552821920216,390.0
390,1.0,9,27,0.0,269,0.0,12808,0.0,9,42,0,1.2885867007324172,391.0
391,1.0,7,31,0.0,249,0.0,6172,0.0,12,76,1,1.2865562805722837,392.0
392,1.0,1,58,0.0,605,0.0,17875,0.0,29,72,0,1.2853042268124806,393.0
393,0.0,4,27,0.0,1115,1.0,2045,0.0,5,54,0,1.28416181339576,394.0
394,1.0,8,37,0.0,290,0.0,3564,0.0,8,65,0,1.283753561124937,395.0
395,0.0,18,40,1.0,593,1.0,13499,0.0,20,88,0,1.283717731898454,396.0
396,0.0,0,27,0.0,443,0.0,1706,0.0,0,50,0,1.283563339993633,397.0
397,1.0,8,28,0.0,760,0.0,4779,0.0,8,81,0,1.2832665467596276,398.0
398,0.0,2,47,0.0,207,1.0,2105,0.0,7,64,0,1.2827306635141313,399.0
399,0.0,0,32,0.0,964,1.0,6735,0.0,10,34,1,1.282513697798245,400.0
400,1.0,11,34,0.0,1440,0.0,2308,0.0,12,55,0,1.2788774921417891,401.0
401,0.0,1,36,0.0,845,1.0,6653,0.0,7,45,0,1.2733911389266592,402.0
402,1.0,7,40,0.0,1171,0.0,2213,0.0,10,46,0,1.273171567778908,403.0
403,1.0,3,44,0.0,986,0.0,2818,0.0,10,62,0,1.2729436500526283,404.0
404,0.0,3,30,0.0,413,1.0,2983,0.0,4,57,0,1.271114853179682,405.0
405,0.0,1,35,0.0,755,1.0,6540,0.0,10,97,0,1.2709513415367553,406.0
406,1.0,2,36,0.0,1456,0.0,6134,0.0,16,96,1,1.2701817460467812,407.0
407,0.0,3,29,0.0,592,1.0,2062,0.0,11,59,0,1.269736750120076,408.0
408,0.0,1,35,0.0,727,0.0,1281,0.0,1,41,0,1.2693846075940418,409.0
409,0.0,1,24,0.0,830,0.0,2033,0.0,1,78,0,1.2680324801280398,410.0
410,1.0,6,29,0.0,1329,0.0,6623,0.0,6,82,0,1.267491869212767,411.0
411,0.0,0,42,0.0,1142,1.0,3968,0.0,8,81,0,1.2671534437475338,412.0
412,1.0,10,29,0.0,991,0.0,4187,0.0,10,43,0,1.266669765086648,413.0
413,0.0,4,24,0.0,477,1.0,3597,0.0,6,49,0,1.2647980997054824,414.0
414,0.0,3,29,0.0,1283,1.0,2201,0.0,6,54,0,1.2641178059061753,415.0
415,1.0,6,33,0.0,530,0.0,5368,0.0,7,36,0,1.263809498202367,416.0
416,0.0,1,28,0.0,1423,0.0,1563,0.0,1,72,0,1.2634526128407297,417.0
417,1.0,6,32,0.0,646,0.0,6322,0.0,6,92,0,1.2619486670686026,418.0
418,0.0,1,24,0.0,823,0.0,2127,0.0,1,94,0,1.2617441471065072,419.0
419,1.0,21,39,0.0,117,0.0,17068,0.0,21,99,0,1.2612158182730289,420.0
420,0.0,1,26,0.0,474,0.0,2061,0.0,1,89,0,1.260461613770484,421.0
421,1.0,6,37,0.0,1439,0.0,2996,0.0,8,54,0,1.2603395263392385,422.0
422,1.0,11,30,0.0,1465,0.0,3579,0.0,12,63,0,1.2591079539056762,423.0
423,0.0,6,34,0.0,121,1.0,4381,0.0,6,86,0,1.2581260209408838,424.0
424,0.0,5,28,0.0,1103,1.0,2144,0.0,5,49,0,1.2580017627122226,425.0
425,0.0,3,35,0.0,992,1.0,2450,0.0,3,68,0,1.257596552616044,426.0
426,0.0,2,28,0.0,890,1.0,4382,0.0,5,46,1,1.2555413745495654,427.0
427,1.0,8,44,0.0,661,0.0,2559,0.0,8,61,0,1.2539005896974285,428.0
428,0.0,4,24,0.0,771,1.0,4617,0.0,4,45,0,1.2538925787850708,429.0
429,1.0,9,45,0.0,248,0.0,3633,0.0,9,42,0,1.2537182098759774,430.0
430,0.0,1,24,0.0,984,0.0,2210,0.0,1,97,1,1.2530092024103743,431.0
431,1.0,5,31,0.0,1079,0.0,6583,0.0,8,86,0,1.252439840794057,432.0
432,0.0,4,32,0.0,529,1.0,2439,0.0,4,78,0,1.252186557446538,433.0
433,0.0,9,29,0.0,224,1.0,2362,0.0,11,100,1,1.2521430927118047,434.0
434,0.0,1,36,0.0,884,1.0,6815,0.0,15,73,0,1.251877760027458,435.0
435,0.0,1,30,0.0,202,0.0,2476,0.0,1,72,0,1.251726165444726,436.0
436,1.0,6,31,0.0,1332,0.0,6833,0.0,6,80,0,1.251207866762641,437.0
437,0.0,13,51,1.0,1456,1.0,7484,0.0,23,30,0,1.2508086572233155,438.0
438,0.0,4,37,0.0,124,1.0,4107,0.0,8,35,0,1.2504768274557954,439.0
439,0.0,2,24,1.0,897,0.0,2145,0.0,3,59,0,1.2501824704441844,440.0
440,1.0,10,30,0.0,852,0.0,5126,0.0,10,55,0,1.248850749473252,441.0
441,0.0,2,24,1.0,535,0.0,2400,0.0,3,38,0,1.248654160632139,442.0
442,1.0,9,33,0.0,501,0.0,4878,0.0,10,95,0,1.2483348922774287,443.0
443,0.0,4,26,0.0,1167,1.0,2966,0.0,5,30,0,1.2478077372323886,444.0
444,1.0,3,55,0.0,1229,0.0,4035,0.0,4,30,0,1.245659192994544,445.0
445,1.0,9,31,0.0,616,0.0,5855,0.0,10,41,0,1.2447024230964305,446.0
446,0.0,3,31,0.0,1398,1.0,2109,0.0,8,96,0,1.2433345090939427,447.0
447,1.0,7,40,0.0,905,0.0,2741,0.0,15,99,0,1.2431214090031042,448.0
448,1.0,7,41,0.0,1085,0.0,2778,0.0,10,57,1,1.2429359058537188,449.0
449,1.0,8,38,0.0,322,0.0,5605,0.0,8,44,0,1.2425982560110236,450.0
450,1.0,7,47,0.0,249,0.0,4537,0.0,8,35,0,1.2411933087326195,451.0
451,1.0,16,37,0.0,161,0.0,13744,0.0,16,42,0,1.2408149059761513,452.0
452,0.0,5,30,0.0,438,1.0,2632,0.0,5,75,0,1.2404577436274886,453.0
453,1.0,4,34,0.0,735,0.0,8103,0.0,9,75,0,1.2397358435817807,454.0
454,0.0,5,35,0.0,144,1.0,4230,0.0,6,46,0,1.2389960039350079,455.0
455,1.0,10,55,0.0,147,0.0,5415,0.0,12,37,0,1.2387536524333738,456.0
456,0.0,2,35,0.0,1258,1.0,2506,0.0,7,40,0,1.2382075395167635,457.0
457,1.0,11,30,0.0,1334,0.0,5209,0.0,11,63,0,1.2362104646261307,458.0
458,1.0,3,45,0.0,1457,0.0,4477,0.0,7,83,0,1.235690061617345,459.0
459,0.0,6,29,0.0,992,1.0,2058,0.0,7,85,1,1.235512208960381,460.0
460,0.0,7,27,0.0,894,1.0,2279,0.0,7,99,0,1.235376691574194,461.0
461,1.0,2,56,0.0,713,0.0,4257,0.0,19,67,0,1.235245064268856,462.0
462,0.0,3,29,0.0,738,1.0,3983,0.0,4,30,0,1.2350850915693237,463.0
463,0.0,4,26,0.0,683,1.0,3904,0.0,5,36,0,1.2343392364919465,464.0
464,0.0,1,54,0.0,548,1.0,3780,0.0,19,42,0,1.2335738917839258,465.0
465,0.0,4,34,0.0,182,1.0,3280,0.0,10,72,0,1.2332711266731449,466.0
466,0.0,6,29,0.0,665,1.0,2340,0.0,6,60,0,1.232874718641429,467.0
467,0.0,7,26,0.0,786,1.0,2570,0.0,7,76,0,1.2328094625236772,468.0
468,1.0,13,32,0.0,588,0.0,5228,0.0,13,65,0,1.2321302574875082,469.0
469,1.0,5,37,0.0,783,0.0,4284,0.0,16,78,0,1.231831076817603,470.0
470,0.0,4,36,0.0,311,1.0,2013,0.0,15,77,0,1.2309837391379597,471.0
471,1.0,3,37,0.0,558,0.0,9602,0.0,17,75,0,1.230159026755747,472.0
472,0.0,6,32,0.0,267,1.0,2837,0.0,6,49,0,1.2282398668469312,473.0
473,1.0,4,42,0.0,557,0.0,5410,0.0,9,35,0,1.228172563377492,474.0
474,1.0,9,30,0.0,634,0.0,11916,0.0,9,95,0,1.2280857138381676,475.0
475,1.0,10,35,0.0,1137,0.0,4014,0.0,10,51,0,1.2279419075381903,476.0
476,0.0,1,24,0.0,1092,0.0,2694,0.0,1,60,0,1.2270617920483307,477.0
477,1.0,11,30,0.0,1240,0.0,6347,0.0,12,48,0,1.2250218580119634,478.0
478,0.0,3,34,0.0,629,1.0,2311,0.0,9,95,0,1.2237266365185528,479.0
479,0.0,1,29,0.0,590,0.0,2109,0.0,1,91,0,1.223311376236653,480.0
480,1.0,10,31,0.0,587,0.0,9852,0.0,10,57,0,1.2230971851867907,481.0
481,1.0,4,38,0.0,723,0.0,5405,0.0,20,77,0,1.2220917155468678,482.0
482,1.0,15,33,0.0,589,0.0,5207,0.0,15,79,0,1.221139128192211,483.0
483,1.0,9,33,0.0,536,0.0,8380,0.0,10,82,0,1.220562907296547,484.0
484,0.0,1,42,0.0,1332,1.0,6781,0.0,14,98,0,1.2201244035077272,485.0
485,0.0,3,33,0.0,461,1.0,3452,0.0,5,53,0,1.2200684421616466,486.0
486,1.0,4,40,0.0,1124,0.0,7457,0.0,6,57,0,1.2194204140454536,487.0
487,1.0,7,53,0.0,1436,0.0,2306,0.0,13,34,0,1.2180752256817562,488.0
488,0.0,2,31,1.0,444,0.0,2789,0.0,2,84,0,1.2179034590800961,489.0
489,0.0,1,26,0.0,1330,0.0,2377,0.0,1,37,1,1.2174922962532966,490.0
490,1.0,4,35,0.0,1097,0.0,9884,0.0,10,79,0,1.2167901270514592,491.0
491,0.0,5,26,0.0,572,1.0,4684,0.0,5,46,0,1.2158543135257214,492.0
492,0.0,4,25,0.0,1356,1.0,4950,0.0,5,57,0,1.2157953124329803,493.0
493,1.0,15,34,0.0,1375,0.0,4001,0.0,15,87,0,1.2154086285703383,494.0
494,1.0,6,40,0.0,575,0.0,6380,0.0,8,68,1,1.2123985613425334,495.0
495,0.0,5,29,0.0,468,1.0,3785,0.0,5,73,0,1.2111438120474112,496.0
496,1.0,5,34,0.0,1480,0.0,9713,0.0,9,64,0,1.2108870998356605,497.0
497,0.0,1,27,0.0,1240,0.0,2341,0.0,1,33,0,1.2108490106300003,498.0
498,0.0,7,39,0.0,116,1.0,4108,0.0,18,52,0,1.2100490705163123,499.0
499,1.0,10,35,0.0,1224,0.0,5204,0.0,10,55,0,1.2098973789111618,500.0
500,0.0,5,28,0.0,1117,1.0,3310,0.0,5,66,0,1.208917475232574,501.0
501,0.0,4,28,0.0,821,1.0,4908,0.0,4,98,0,1.208892559878967,502.0
502,1.0,5,43,0.0,1473,0.0,4522,0.0,8,74,0,1.2085117615292502,503.0
503,0.0,1,29,0.0,352,0.0,2804,0.0,1,87,0,1.2084121905714114,504.0
504,0.0,3,43,0.0,343,1.0,2438,0.0,7,52,0,1.2072169358824145,505.0
505,1.0,5,39,0.0,1498,0.0,6120,0.0,8,44,0,1.207080037086111,506.0
506,0.0,5,35,0.0,195,1.0,4859,0.0,5,80,0,1.2066324546010951,507.0
507,0.0,2,31,1.0,874,0.0,2610,0.0,2,72,1,1.2058154786615138,508.0
508,1.0,5,47,0.0,571,0.0,4591,0.0,11,78,0,1.2043290258130828,509.0
509,1.0,10,34,0.0,971,0.0,7083,0.0,10,64,0,1.20407618582392,510.0
510,0.0,1,35,0.0,464,0.0,1951,0.0,1,75,0,1.2032747314113346,511.0
511,1.0,2,46,0.0,734,0.0,19328,0.0,24,46,0,1.2031862925843881,512.0
512,1.0,10,51,0.0,1323,0.0,2461,0.0,18,34,1,1.2012277535184874,513.0
513,0.0,1,42,0.0,810,1.0,15992,0.0,16,44,0,1.201035246184671,514.0
514,0.0,2,34,0.0,511,1.0,6029,0.0,6,32,0,1.20090233158257,515.0
515,1.0,4,44,0.0,1488,0.0,5454,0.0,9,75,0,1.2008226892630034,516.0
516,0.0,5,30,0.0,1427,1.0,2720,0.0,6,35,0,1.200544262082963,517.0
517,0.0,3,31,0.0,182,1.0,16422,0.0,9,93,0,1.2005055050885016,518.0
518,0.0,7,26,0.0,652,1.0,3578,0.0,8,100,0,1.200194430686172,519.0
519,0.0,2,35,1.0,636,0.0,2376,0.0,2,47,0,1.1998924236492567,520.0
520,0.0,6,27,0.0,1054,1.0,3445,0.0,6,67,0,1.1994491028989447,521.0
521,1.0,10,36,0.0,1266,0.0,5673,0.0,10,63,0,1.1993899516712996,522.0
522,1.0,5,56,0.0,441,0.0,4963,0.0,7,72,1,1.198970463229186,523.0
523,0.0,1,34,0.0,546,0.0,2008,0.0,1,83,0,1.198896006689295,524.0
524,1.0,2,44,0.0,1315,0.0,19513,0.0,26,35,0,1.1982840067908647,525.0
525,1.0,13,37,0.0,1063,0.0,4449,0.0,15,72,0,1.1979238305591382,526.0
526,0.0,1,36,1.0,566,0.0,3688,0.0,4,81,0,1.1970332207418817,527.0
527,1.0,8,35,0.0,1276,0.0,7632,0.0,10,72,0,1.1965100938442785,528.0
528,0.0,2,40,0.0,1322,1.0,2809,0.0,8,52,0,1.196270486944275,529.0
529,0.0,2,34,1.0,296,0.0,2351,0.0,3,33,1,1.1957340431692145,530.0
530,0.0,4,26,0.0,1146,1.0,5326,0.0,6,38,1,1.195085655897685,531.0
531,1.0,7,37,0.0,1319,0.0,5974,0.0,13,51,0,1.1944859141604998,532.0
532,1.0,13,38,0.0,573,0.0,5329,0.0,17,79,0,1.194201618922846,533.0
533,1.0,5,54,0.0,157,1.0,4440,1.0,9,77,0,1.1941438222612264,534.0
534,1.0,11,38,0.0,343,0.0,11510,0.0,12,92,0,1.1940088423643849,535.0
535,1.0,5,45,0.0,1268,0.0,5006,0.0,9,30,0,1.193600770861881,536.0
536,1.0,4,46,0.0,945,0.0,5021,0.0,16,80,0,1.1932186201896129,537.0
537,1.0,4,44,0.0,1459,0.0,6465,0.0,9,41,0,1.1925256068202066,538.0
538,1.0,9,39,0.0,792,0.0,6472,0.0,9,77,0,1.1921499481873477,539.0
539,0.0,7,28,0.0,304,1.0,5253,0.0,7,92,0,1.1906359860649816,540.0
540,0.0,2,53,0.0,346,1.0,2450,0.0,19,86,0,1.1896030282562322,541.0
541,1.0,3,50,0.0,410,0.0,10854,0.0,20,39,1,1.1886700472095115,542.0
542,1.0,8,38,0.0,770,0.0,8740,0.0,9,73,0,1.1883548174611633,543.0
543,1.0,5,42,0.0,1265,0.0,5231,0.0,17,95,0,1.1882822327238005,544.0
544,0.0,1,42,0.0,1059,1.0,19613,0.0,24,93,0,1.1871751881238457,545.0
545,1.0,5,37,0.0,728,0.0,13603,0.0,15,80,0,1.1870098378100202,546.0
546,1.0,7,33,0.0,1277,0.0,13610,0.0,15,56,1,1.1862520103615481,547.0
547,0.0,1,33,0.0,1313,0.0,2008,0.0,1,59,0,1.186119336283451,548.0
548,1.0,7,35,0.0,1361,0.0,8966,0.0,15,94,0,1.185151820672785,549.0
549,0.0,6,25,0.0,883,1.0,6180,0.0,6,32,0,1.1842542501044417,550.0
550,1.0,3,46,0.0,1125,0.0,9071,0.0,15,94,0,1.182813695801819,551.0
551,0.0,6,36,0.0,188,1.0,4678,0.0,8,65,0,1.1806290161463981,552.0
552,0.0,1,28,0.0,1172,0.0,2856,0.0,1,78,0,1.179906672562579,553.0
553,1.0,16,35,0.0,583,0.0,10388,0.0,16,57,0,1.1794035007340262,554.0
554,1.0,18,36,0.0,928,0.0,6201,0.0,18,56,0,1.1789935922087975,555.0
555,1.0,8,30,0.0,879,1.0,4695,1.0,10,72,0,1.1789324135334054,556.0
556,0.0,4,34,0.0,699,1.0,2960,0.0,8,83,1,1.178322800064048,557.0
557,1.0,5,58,0.0,390,0.0,5660,0.0,12,32,0,1.1774012992033094,558.0
558,1.0,16,36,0.0,530,0.0,10325,0.0,16,51,1,1.177275843797053,559.0
559,0.0,7,27,0.0,954,1.0,4105,0.0,7,44,0,1.1760715425751056,560.0
560,0.0,1,48,0.0,715,1.0,18265,0.0,25,76,0,1.1759252304325465,561.0
561,0.0,3,35,0.0,538,1.0,3681,0.0,9,54,0,1.1749006992134157,562.0
562,1.0,16,36,0.0,1425,0.0,6586,0.0,17,68,0,1.1719410000506914,563.0
563,0.0,6,39,0.0,105,1.0,19431,0.0,21,87,0,1.1718422592739488,564.0
564,0.0,5,40,0.0,676,1.0,2018,0.0,15,86,1,1.1708742331200757,565.0
565,1.0,12,36,0.0,1383,0.0,8321,0.0,15,90,0,1.169392787412132,566.0
566,0.0,6,35,0.0,1343,1.0,2559,0.0,6,53,0,1.1691776584858513,567.0
567,0.0,1,30,0.0,1358,0.0,2693,0.0,1,67,0,1.1682473965759834,568.0
568,1.0,13,35,0.0,1212,0.0,10377,0.0,16,78,0,1.1669518521515858,569.0
569,1.0,9,41,0.0,802,0.0,8189,0.0,12,96,0,1.1667503465214675,570.0
570,1.0,5,57,0.0,334,0.0,9439,0.0,12,83,0,1.1659061151676298,571.0
571,0.0,11,30,0.0,1116,1.0,2564,0.0,12,49,0,1.1657553518397643,572.0
572,1.0,26,47,0.0,202,0.0,16752,0.0,26,33,0,1.1650642093610146,573.0
573,1.0,20,50,0.0,1207,0.0,3221,0.0,20,74,0,1.1644017656602323,574.0
574,1.0,8,44,0.0,921,0.0,7879,0.0,9,96,0,1.1643544540446504,575.0
575,0.0,2,48,0.0,277,1.0,4240,0.0,19,97,0,1.1640815356445096,576.0
576,0.0,5,29,0.0,469,1.0,5869,0.0,8,42,0,1.1639206641860789,577.0
577,0.0,1,35,0.0,660,0.0,2404,0.0,1,76,0,1.1633301148014075,578.0
578,0.0,8,28,0.0,857,1.0,3660,0.0,10,59,0,1.1632829516418424,579.0
579,0.0,1,45,1.0,306,0.0,4286,0.0,5,100,1,1.1621018827232354,580.0
580,0.0,3,38,0.0,437,1.0,4198,0.0,8,90,0,1.1609498618173206,581.0
581,0.0,7,32,0.0,953,1.0,2718,0.0,12,65,0,1.1591245784201223,582.0
582,1.0,10,55,0.0,189,0.0,19636,0.0,35,71,0,1.1584461925042135,583.0
583,0.0,3,29,1.0,1404,0.0,2157,0.0,3,84,0,1.1584340483513282,584.0
584,0.0,1,35,0.0,1229,0.0,2269,0.0,1,36,0,1.1584097785787317,585.0
585,0.0,6,35,0.0,1214,1.0,2859,0.0,6,30,0,1.158362935948055,586.0
586,0.0,2,31,1.0,793,0.0,2791,0.0,3,67,0,1.1577341716253113,587.0
587,1.0,33,55,0.0,177,0.0,13577,0.0,34,37,0,1.1566936494912352,588.0
588,0.0,1,32,0.0,862,0.0,2827,0.0,1,76,0,1.1565018483239704,589.0
589,0.0,6,45,0.0,788,1.0,2177,0.0,6,36,0,1.156314083801213,590.0
590,0.0,10,36,0.0,172,1.0,5810,0.0,10,37,0,1.1561325620218912,591.0
591,1.0,10,43,0.0,1179,0.0,7847,0.0,10,73,0,1.1556477565471528,592.0
592,0.0,2,52,0.0,1323,1.0,3212,0.0,6,89,0,1.1550832565032163,593.0
593,1.0,19,39,0.0,412,0.0,17123,0.0,21,94,0,1.1550716465541675,594.0
594,0.0,10,33,0.0,217,1.0,5487,0.0,10,43,0,1.154917250332689,595.0
595,0.0,7,38,0.0,243,1.0,4028,0.0,8,46,0,1.15490730229976,596.0
596,1.0,16,46,0.0,1003,0.0,4615,0.0,19,74,0,1.1544451769915187,597.0
597,0.0,8,27,0.0,511,1.0,6500,0.0,9,89,0,1.1532925012062323,598.0
598,1.0,5,45,0.0,930,0.0,10761,0.0,18,74,0,1.1525891296186332,599.0
599,0.0,5,39,0.0,360,1.0,3904,0.0,6,93,1,1.1523127824452943,600.0
600,0.0,1,24,0.0,350,0.0,2296,0.0,2,57,0,1.151998099718506,601.0
601,0.0,6,34,0.0,304,1.0,6274,0.0,6,60,0,1.1505149870087223,602.0
602,0.0,5,28,0.0,866,1.0,8463,0.0,6,84,0,1.150182484750313,603.0
603,0.0,5,35,0.0,528,1.0,4323,0.0,6,100,0,1.1490404933529867,604.0
604,0.0,3,37,0.0,1462,1.0,3629,0.0,8,94,0,1.1487231413901706,605.0
605,1.0,3,50,0.0,1322,0.0,16880,0.0,25,43,0,1.1468551803553169,606.0
606,1.0,5,41,0.0,483,1.0,6032,1.0,8,95,0,1.14399281145475,607.0
607,1.0,10,47,0.0,666,0.0,11849,0.0,10,88,1,1.141049707865759,608.0
608,0.0,5,30,0.0,1082,1.0,6577,0.0,6,83,0,1.1403087748593916,609.0
609,1.0,7,46,0.0,488,0.0,16872,0.0,28,75,0,1.139004434475389,610.0
610,0.0,5,26,1.0,921,0.0,2007,0.0,5,66,0,1.1389793057510686,611.0
611,0.0,7,27,0.0,975,1.0,6811,0.0,9,55,0,1.1387399036063188,612.0
612,0.0,10,29,0.0,332,1.0,7988,0.0,10,51,0,1.1379314355943282,613.0
613,0.0,10,34,0.0,258,1.0,5337,0.0,10,74,0,1.1376583408096832,614.0
614,0.0,0,40,1.0,1184,0.0,4327,0.0,5,62,0,1.1375783318150978,615.0
615,0.0,1,35,0.0,1349,0.0,2690,0.0,1,63,0,1.1366199085604605,616.0
616,1.0,10,52,0.0,956,0.0,5577,0.0,18,78,0,1.1362392216842665,617.0
617,0.0,1,31,1.0,534,0.0,9824,0.0,12,66,1,1.1357167973135414,618.0
618,0.0,5,32,0.0,1033,1.0,4200,0.0,10,41,1,1.1356565194513615,619.0
619,0.0,2,26,1.0,575,0.0,4364,0.0,5,71,0,1.134967769799003,620.0
620,1.0,11,60,0.0,696,0.0,5220,0.0,12,52,0,1.1347522222228366,621.0
621,1.0,22,41,0.0,796,0.0,10447,0.0,23,81,0,1.1347012967865353,622.0
622,1.0,11,31,0.0,1232,1.0,7143,1.0,11,39,0,1.1346432037637435,623.0
623,1.0,7,45,0.0,1038,0.0,10851,0.0,24,95,0,1.1345317029324904,624.0
624,1.0,20,42,0.0,495,0.0,17861,0.0,21,37,0,1.1344150755608993,625.0
625,0.0,20,39,0.0,119,1.0,13341,0.0,21,77,0,1.134083058493323,626.0
626,0.0,17,37,0.0,1372,1.0,2115,0.0,17,42,0,1.1321049308648787,627.0
627,1.0,4,40,0.0,448,1.0,7945,1.0,18,84,0,1.1319883155329111,628.0
628,0.0,9,43,0.0,244,1.0,3539,0.0,10,97,0,1.1311123431650245,629.0
629,1.0,5,53,0.0,661,0.0,10934,0.0,35,78,0,1.1304696797360312,630.0
630,1.0,16,36,0.0,429,1.0,5410,1.0,18,53,0,1.1294539785089968,631.0
631,1.0,10,46,0.0,1277,0.0,10368,0.0,13,74,0,1.129231150424056,632.0
632,0.0,8,28,0.0,1476,1.0,5661,0.0,9,68,0,1.1288279717508385,633.0
633,0.0,11,36,0.0,938,1.0,2519,0.0,16,79,0,1.1283212943818657,634.0
634,0.0,5,36,0.0,1218,1.0,3407,0.0,10,82,1,1.126356016927626,635.0
635,0.0,4,56,0.0,1162,1.0,2587,0.0,5,97,1,1.1248133726974405,636.0
636,0.0,2,46,0.0,849,1.0,7991,0.0,6,98,0,1.1238454567335985,637.0
637,0.0,3,29,1.0,410,0.0,3180,0.0,4,97,0,1.1229308304826744,638.0
638,0.0,8,32,0.0,1109,1.0,4025,0.0,10,69,0,1.1214209713336702,639.0
639,0.0,2,44,0.0,1112,1.0,5985,0.0,10,50,0,1.1209591029283703,640.0
640,0.0,6,37,0.0,1413,1.0,3500,0.0,7,84,0,1.1208416374071954,641.0
641,0.0,5,44,0.0,381,1.0,3708,0.0,9,49,0,1.1199345828206233,642.0
642,0.0,1,44,1.0,383,0.0,4768,0.0,11,79,0,1.1189835913606627,643.0
643,1.0,15,49,0.0,465,0.0,13966,0.0,30,41,0,1.1185294912270305,644.0
644,1.0,5,55,0.0,836,0.0,14756,0.0,21,33,0,1.118172726749172,645.0
645,0.0,5,33,0.0,1069,1.0,6949,0.0,6,42,0,1.1178241244794853,646.0
646,1.0,12,44,0.0,1448,0.0,13320,0.0,23,53,0,1.1156929298521663,647.0
647,1.0,17,43,0.0,1034,0.0,16064,0.0,22,80,0,1.11548087876814,648.0
648,1.0,5,53,0.0,1070,0.0,17584,0.0,21,45,0,1.11493609326351,649.0
649,1.0,5,55,0.0,725,0.0,19859,0.0,24,78,1,1.1146722926923158,650.0
650,0.0,12,53,0.0,102,1.0,14275,0.0,33,72,0,1.1146063472943737,651.0
651,0.0,5,44,0.0,981,1.0,3162,0.0,7,90,0,1.1138187231786036,652.0
652,0.0,2,38,1.0,1391,0.0,2684,0.0,3,66,0,1.112762174160031,653.0
653,0.0,7,32,0.0,1018,1.0,5055,0.0,10,74,0,1.1116166447871216,654.0
654,0.0,17,36,0.0,885,1.0,2743,0.0,18,43,1,1.1111024253915132,655.0
655,0.0,3,41,0.0,447,1.0,6870,0.0,11,85,0,1.1108727352827488,656.0
656,0.0,5,32,0.0,495,1.0,11244,0.0,10,64,0,1.1097018606924718,657.0
657,0.0,8,36,0.0,506,1.0,4485,0.0,10,30,0,1.1094425095419582,658.0
658,1.0,6,59,0.0,1089,0.0,11904,0.0,14,66,0,1.1088213669381979,659.0
659,0.0,5,44,0.0,1467,1.0,3420,0.0,6,49,0,1.106911523396867,660.0
660,1.0,20,45,0.0,1385,0.0,13496,0.0,21,79,0,1.1064573701094145,661.0
661,0.0,4,30,1.0,600,0.0,2180,0.0,6,66,1,1.1053235878563366,662.0
662,0.0,4,34,1.0,303,0.0,2231,0.0,6,75,0,1.1045931876444328,663.0
663,1.0,6,58,0.0,1272,0.0,10552,0.0,24,37,0,1.1040328404329105,664.0
664,0.0,10,28,0.0,1366,1.0,8722,0.0,10,72,1,1.1031044067360058,665.0
665,0.0,0,23,0.0,541,0.0,2322,0.0,3,62,0,1.1022596654275094,666.0
666,0.0,5,45,0.0,374,1.0,4850,0.0,8,50,0,1.1020857612901862,667.0
667,0.0,5,34,0.0,970,1.0,6142,0.0,10,96,0,1.102068929218735,668.0
668,1.0,22,44,0.0,1313,0.0,19049,0.0,23,31,0,1.1020599430723932,669.0
669,0.0,10,32,0.0,929,1.0,5396,0.0,10,55,0,1.1003142763649607,670.0
670,0.0,20,44,0.0,200,1.0,4541,0.0,20,32,0,1.0988338567457165,671.0
671,0.0,9,34,0.0,1065,1.0,4568,0.0,10,72,0,1.0980049820973825,672.0
672,0.0,10,34,0.0,507,1.0,6125,0.0,10,66,0,1.09715135125389,673.0
673,1.0,8,50,0.0,1464,0.0,19237,0.0,29,62,0,1.097124246742247,674.0
674,0.0,5,39,0.0,439,1.0,6782,0.0,9,70,0,1.0969730247171772,675.0
675,0.0,3,35,1.0,664,0.0,2194,0.0,5,79,0,1.0962985758437473,676.0
676,0.0,3,28,1.0,1496,0.0,2909,0.0,5,92,1,1.0960546591281484,677.0
677,0.0,11,32,0.0,1093,1.0,5010,0.0,12,87,0,1.0955026296480534,678.0
678,0.0,10,31,0.0,1062,1.0,6812,0.0,10,96,0,1.0932315255505811,679.0
679,0.0,2,22,0.0,253,0.0,2244,0.0,2,43,0,1.0918160167433337,680.0
680,1.0,33,51,0.0,770,0.0,14026,0.0,33,84,0,1.0895614756274543,681.0
681,0.0,14,34,0.0,404,1.0,6687,0.0,14,98,0,1.0883948392251315,682.0
682,0.0,9,40,0.0,523,1.0,4661,0.0,9,98,0,1.0870987332855957,683.0
683,0.0,13,36,0.0,530,1.0,4502,0.0,17,51,0,1.0867117584414694,684.0
684,0.0,2,60,0.0,1179,1.0,5405,0.0,10,84,0,1.0848792929884983,685.0
685,0.0,4,43,0.0,1372,1.0,5346,0.0,7,85,1,1.0845934580825782,686.0
686,0.0,16,34,0.0,665,1.0,4809,0.0,16,41,0,1.084545778711671,687.0
687,1.0,27,50,0.0,989,0.0,18740,0.0,29,43,0,1.0843334536133957,688.0
688,0.0,5,42,0.0,462,1.0,6244,0.0,10,68,0,1.0836732927271,689.0
689,0.0,11,33,0.0,1283,1.0,5147,0.0,13,62,0,1.083574420895928,690.0
690,0.0,1,51,0.0,833,0.0,2723,0.0,1,96,0,1.0833926493977235,691.0
691,0.0,15,35,0.0,776,1.0,4312,0.0,16,32,0,1.083189314005686,692.0
692,0.0,6,45,0.0,1316,1.0,3452,0.0,9,83,0,1.0826736046618635,693.0
693,1.0,31,49,0.0,1245,0.0,19502,0.0,31,58,0,1.0812013880925522,694.0
694,0.0,7,32,0.0,1018,1.0,11159,0.0,10,39,0,1.07942074249877,695.0
695,0.0,10,35,0.0,1395,1.0,5098,0.0,10,48,0,1.0793324156213875,696.0
696,1.0,9,58,0.0,1055,0.0,19701,0.0,32,76,0,1.0791334530947292,697.0
697,0.0,6,42,0.0,647,1.0,5155,0.0,9,45,0,1.0785710416939012,698.0
698,0.0,14,41,0.0,267,1.0,6230,0.0,16,56,0,1.0780378015819077,699.0
699,0.0,7,46,0.0,991,1.0,3423,0.0,10,44,0,1.0765607458050788,700.0
700,0.0,13,34,0.0,1326,1.0,4759,0.0,15,81,0,1.0762438068938753,701.0
701,0.0,5,37,0.0,397,1.0,13664,0.0,16,30,0,1.0758992242036547,702.0
702,0.0,2,46,0.0,705,1.0,18947,0.0,22,83,0,1.0754484753204425,703.0
703,0.0,19,41,0.0,256,1.0,6151,0.0,19,40,0,1.0748903966173993,704.0
704,0.0,20,42,0.0,335,1.0,4332,0.0,20,37,0,1.07394605192382,705.0
705,0.0,20,39,0.0,408,1.0,4553,0.0,20,80,0,1.0735043214692692,706.0
706,0.0,2,42,1.0,1474,0.0,2093,0.0,8,97,0,1.0731800283188377,707.0
707,0.0,7,26,1.0,1096,0.0,2544,0.0,8,61,0,1.0731122554565438,708.0
708,0.0,12,34,0.0,419,1.0,11994,0.0,13,53,0,1.0711287377936844,709.0
709,0.0,5,37,0.0,1189,1.0,7428,0.0,12,87,0,1.0701398515850449,710.0
710,0.0,5,44,0.0,625,1.0,5933,0.0,10,50,0,1.0690501337719969,711.0
711,0.0,8,34,0.0,1442,1.0,8621,0.0,9,46,0,1.0689251686250942,712.0
712,0.0,3,43,1.0,313,0.0,2258,0.0,8,61,0,1.0672600862084332,713.0
713,0.0,4,27,1.0,829,0.0,4342,0.0,5,84,0,1.0626120694595964,714.0
714,0.0,10,33,0.0,722,1.0,17444,0.0,10,38,0,1.0613045984575114,715.0
715,0.0,5,49,0.0,1313,1.0,4507,0.0,8,80,0,1.061140861351164,716.0
716,0.0,10,36,0.0,635,1.0,9980,0.0,10,32,0,1.0605008896106625,717.0
717,0.0,4,39,0.0,1253,1.0,13464,0.0,9,65,0,1.0600558312926605,718.0
718,0.0,1,31,0.0,359,0.0,2956,0.0,2,89,1,1.0589071181805603,719.0
719,0.0,2,38,1.0,1186,0.0,2821,0.0,8,44,0,1.0561358792120539,720.0
720,0.0,9,38,0.0,827,1.0,7625,0.0,10,33,0,1.0559248882672776,721.0
721,0.0,11,35,0.0,1029,1.0,8606,0.0,11,91,0,1.0557185169095036,722.0
722,0.0,10,36,0.0,1434,1.0,7587,0.0,10,76,0,1.0545384745527588,723.0
723,0.0,8,39,0.0,903,1.0,7880,0.0,9,41,0,1.0542091911800198,724.0
724,0.0,8,38,0.0,702,1.0,8686,0.0,12,59,0,1.0536469082183408,725.0
725,0.0,4,38,1.0,693,0.0,2610,0.0,4,57,0,1.0533715106441242,726.0
726,0.0,13,36,0.0,1396,1.0,5914,0.0,16,62,0,1.0513788021463717,727.0
727,0.0,17,35,0.0,1017,1.0,6646,0.0,17,82,0,1.0509774480098724,728.0
728,0.0,6,59,0.0,326,1.0,5171,0.0,13,48,0,1.0504105047380534,729.0
729,0.0,11,34,1.0,135,0.0,4444,0.0,15,46,0,1.0501968059400353,730.0
730,0.0,14,34,0.0,937,1.0,9888,0.0,14,32,0,1.049334483629008,731.0
731,0.0,3,33,1.0,970,0.0,4302,0.0,4,30,0,1.0459262268735678,732.0
732,0.0,5,32,1.0,1311,0.0,2794,0.0,5,100,0,1.043351380076807,733.0
733,0.0,11,34,0.0,1354,1.0,11631,0.0,14,45,0,1.0432652703856586,734.0
734,0.0,7,47,0.0,703,1.0,4960,0.0,20,42,0,1.0409519789181507,735.0
735,0.0,7,29,1.0,490,0.0,3291,0.0,8,61,0,1.0397249195280174,736.0
736,0.0,8,45,0.0,954,1.0,6632,0.0,9,46,0,1.03742053412678,737.0
737,0.0,4,33,1.0,430,0.0,4373,0.0,5,54,0,1.0367055283040492,738.0
738,0.0,14,53,0.0,238,1.0,8381,0.0,18,34,0,1.0350710145584257,739.0
739,0.0,9,55,0.0,436,1.0,5160,0.0,12,37,1,1.0348999276984916,740.0
740,0.0,1,36,0.0,132,0.0,3038,0.0,5,55,0,1.0331980659857756,741.0
741,0.0,2,22,0.0,1256,0.0,2323,0.0,2,80,0,1.0320335442287556,742.0
742,0.0,10,41,0.0,918,1.0,9241,0.0,10,35,0,1.0317354252203015,743.0
743,1.0,5,59,0.0,715,1.0,13726,1.0,30,69,0,1.0313263907570998,744.0
744,0.0,2,39,1.0,766,0.0,4127,0.0,7,83,0,1.0309228867238394,745.0
745,0.0,10,29,1.0,806,0.0,2720,0.0,10,76,0,1.0290514348628497,746.0
746,0.0,10,46,0.0,717,1.0,5562,0.0,19,34,0,1.0285093991337355,747.0
747,0.0,7,56,0.0,206,1.0,19717,0.0,36,99,0,1.027594333935708,748.0
748,0.0,4,34,1.0,560,0.0,2996,0.0,10,91,0,1.026923073029128,749.0
749,0.0,22,41,0.0,334,1.0,16015,0.0,22,88,0,1.0257366693219445,750.0
750,0.0,9,46,0.0,669,1.0,9619,0.0,9,64,1,1.0250877164281895,751.0
751,0.0,7,51,0.0,313,1.0,13734,0.0,21,98,0,1.0219001445276343,752.0
752,0.0,1,34,0.0,1320,0.0,2585,0.0,2,89,0,1.0188109359519302,753.0
753,0.0,10,30,1.0,1312,0.0,2613,0.0,10,96,0,1.0174666972469637,754.0
754,0.0,4,50,0.0,1046,1.0,10496,0.0,20,100,0,1.0156866069905819,755.0
755,0.0,5,32,1.0,585,0.0,3433,0.0,10,56,0,1.0144659121868846,756.0
756,0.0,6,38,1.0,594,0.0,2468,0.0,9,75,0,1.0105807599664598,757.0
757,0.0,21,43,0.0,531,1.0,10231,0.0,23,56,0,1.0091633247733545,758.0
758,0.0,7,27,1.0,1131,0.0,4774,0.0,8,77,0,1.008463161310098,759.0
759,0.0,5,30,1.0,1012,0.0,3761,0.0,10,75,0,1.0082057015593306,760.0
760,0.0,2,31,1.0,1327,0.0,13675,0.0,9,73,0,1.0070212939400902,761.0
761,0.0,9,37,1.0,319,0.0,2793,0.0,13,41,0,1.005990249963345,762.0
762,0.0,21,40,0.0,611,1.0,19833,0.0,21,88,0,1.0034887086112483,763.0
763,0.0,11,29,1.0,574,0.0,3812,0.0,11,40,0,1.0022085807686059,764.0
764,0.0,7,34,1.0,234,0.0,5346,0.0,11,93,1,1.0014257262171025,765.0
765,0.0,5,49,0.0,1261,1.0,10965,0.0,26,31,0,1.0006207693151346,766.0
766,0.0,5,36,1.0,884,0.0,2571,0.0,17,41,0,0.9996265890063236,767.0
767,0.0,1,29,0.0,598,0.0,2451,0.0,5,91,0,0.9981009555978662,768.0
768,0.0,1,27,0.0,1291,0.0,2534,0.0,5,98,0,0.9954827731605329,769.0
769,0.0,2,22,0.0,594,0.0,2523,0.0,3,100,0,0.994683898016572,770.0
770,0.0,5,48,0.0,1262,1.0,16885,0.0,27,35,0,0.9935734822015769,771.0
771,0.0,5,31,1.0,163,1.0,5238,1.0,9,30,0,0.9916876929408648,772.0
772,0.0,19,45,0.0,1052,1.0,8865,0.0,23,57,0,0.9914812593376201,773.0
773,0.0,20,40,0.0,1308,1.0,19626,0.0,21,44,0,0.988887289535844,774.0
774,0.0,2,43,1.0,775,0.0,6804,0.0,7,47,0,0.9863456036768355,775.0
775,0.0,5,50,0.0,1452,1.0,19926,0.0,21,53,0,0.9862104236645265,776.0
776,0.0,8,52,0.0,994,1.0,10445,0.0,18,87,0,0.9860593968156758,777.0
777,0.0,8,49,0.0,809,1.0,15379,0.0,23,36,0,0.9857241243447542,778.0
778,0.0,9,53,0.0,447,1.0,16598,0.0,35,39,0,0.984721785196027,779.0
779,0.0,17,47,0.0,1180,1.0,8633,0.0,25,84,0,0.9846971381550139,780.0
780,0.0,5,37,1.0,1231,0.0,2973,0.0,10,54,0,0.9839332657414352,781.0
781,0.0,2,35,1.0,200,1.0,9362,1.0,10,60,0,0.9839094587122493,782.0
782,0.0,2,22,0.0,604,0.0,2773,0.0,3,69,0,0.9835640398567247,783.0
783,0.0,3,31,1.0,1125,0.0,9637,0.0,9,68,0,0.9826098708860392,784.0
784,0.0,26,46,0.0,563,1.0,17567,0.0,27,56,0,0.9813803833509626,785.0
785,0.0,9,55,0.0,444,1.0,16756,0.0,31,40,0,0.9811756369214037,786.0
786,0.0,6,29,1.0,995,0.0,8853,0.0,6,87,0,0.9805989593141583,787.0
787,0.0,5,35,1.0,1182,0.0,4968,0.0,5,54,0,0.9803012054547848,788.0
788,0.0,21,45,0.0,1005,1.0,16704,0.0,21,48,0,0.9764913606965416,789.0
789,0.0,1,59,0.0,142,0.0,2177,0.0,7,70,0,0.9755401998751368,790.0
790,0.0,4,22,0.0,217,0.0,2451,0.0,4,94,0,0.9741521913637607,791.0
791,0.0,2,23,0.0,977,0.0,2073,0.0,4,45,0,0.9741458775702617,792.0
792,0.0,8,32,1.0,689,0.0,4668,0.0,9,35,0,0.9737131672997291,793.0
793,0.0,15,48,0.0,1355,1.0,10999,0.0,27,78,0,0.9733328684029621,794.0
794,0.0,10,32,1.0,430,0.0,5309,0.0,10,80,0,0.9730925398352864,795.0
795,0.0,2,25,0.0,1280,0.0,2889,0.0,2,64,0,0.9702116155972086,796.0
796,0.0,8,39,1.0,443,0.0,3755,0.0,8,48,0,0.9693855428445602,797.0
797,0.0,10,32,1.0,379,0.0,6524,0.0,10,48,0,0.9681354778404847,798.0
798,0.0,11,36,1.0,469,0.0,3692,0.0,12,46,0,0.9648055135784717,799.0
799,0.0,20,51,0.0,684,1.0,19537,0.0,23,51,0,0.9640578585836034,800.0
800,0.0,2,29,0.0,1090,0.0,2297,0.0,2,83,0,0.9622523999270511,801.0
801,0.0,5,33,1.0,1141,0.0,5376,0.0,10,42,0,0.9622243473398544,802.0
802,0.0,8,34,1.0,653,0.0,5063,0.0,8,92,0,0.9614130062108093,803.0
803,0.0,2,25,0.0,309,0.0,2187,0.0,6,82,0,0.9607901437259571,804.0
804,0.0,2,32,0.0,234,0.0,2269,0.0,3,68,0,0.9582726407916187,805.0
805,0.0,10,31,1.0,1125,0.0,5003,0.0,10,48,0,0.9581011749987712,806.0
806,0.0,4,38,1.0,471,0.0,6288,0.0,13,45,0,0.9542238284564809,807.0
807,0.0,21,59,0.0,1435,1.0,7637,0.0,28,99,0,0.9541105529371905,808.0
808,0.0,10,55,0.0,1117,1.0,16835,0.0,37,83,0,0.9535946916916254,809.0
809,0.0,3,34,1.0,1003,1.0,4033,1.0,5,95,0,0.951166022777735,810.0
810,0.0,10,33,1.0,1146,0.0,4539,0.0,10,82,0,0.9508245239783853,811.0
811,0.0,15,53,1.0,124,0.0,7525,0.0,30,38,0,0.9500300773239252,812.0
812,0.0,10,34,1.0,648,0.0,4490,0.0,14,56,0,0.9499985589674391,813.0
813,0.0,24,55,0.0,692,1.0,18722,0.0,36,61,0,0.9490702015668128,814.0
814,0.0,20,54,0.0,971,1.0,17328,0.0,29,54,0,0.9488426940820662,815.0
815,0.0,22,48,1.0,117,0.0,17174,0.0,24,58,0,0.9469729160711513,816.0
816,0.0,0,26,0.0,775,0.0,4306,0.0,8,45,0,0.9464883090124343,817.0
817,0.0,2,48,1.0,365,0.0,15202,0.0,23,89,0,0.9458921534991119,818.0
818,0.0,37,58,0.0,682,1.0,13872,0.0,38,37,0,0.945181990880073,819.0
819,0.0,2,35,0.0,890,0.0,2014,0.0,2,97,0,0.944542335122863,820.0
820,0.0,11,29,1.0,1413,0.0,7918,0.0,11,42,0,0.94361914451512,821.0
821,0.0,5,33,1.0,1111,0.0,9998,0.0,8,61,0,0.9434637563038458,822.0
822,0.0,1,41,0.0,906,0.0,2107,0.0,5,95,1,0.9404892233817148,823.0
823,1.0,3,22,0.0,617,0.0,4171,1.0,4,34,1,0.9397257363137717,824.0
824,0.0,3,26,0.0,390,0.0,2305,0.0,3,62,0,0.9386071641854941,825.0
825,0.0,8,40,1.0,791,0.0,4244,0.0,8,38,0,0.9385791436375908,826.0
826,0.0,9,33,1.0,1303,0.0,5968,0.0,9,36,0,0.9385299889668326,827.0
827,0.0,5,43,1.0,422,0.0,5562,0.0,12,33,0,0.935133451969465,828.0
828,0.0,5,42,1.0,532,0.0,4556,0.0,19,92,0,0.9341948129690243,829.0
829,0.0,6,42,1.0,1368,0.0,4523,0.0,7,88,0,0.9305109129728892,830.0
830,0.0,0,34,0.0,697,0.0,2979,0.0,6,40,0,0.9299758112398256,831.0
831,1.0,5,52,1.0,322,0.0,13247,1.0,24,59,0,0.9293932543019938,832.0
832,0.0,15,36,1.0,607,0.0,4639,0.0,17,83,0,0.9283596128203526,833.0
833,0.0,2,46,1.0,1034,0.0,10527,0.0,28,86,0,0.9276079013417515,834.0
834,0.0,18,39,1.0,203,0.0,12169,0.0,21,84,1,0.9265353531094636,835.0
835,0.0,6,38,1.0,888,0.0,6077,0.0,10,71,0,0.926375848520718,836.0
836,0.0,10,49,1.0,279,0.0,5130,0.0,10,61,0,0.9246035239697821,837.0
837,0.0,6,37,1.0,1278,0.0,9525,0.0,6,31,0,0.924483740818198,838.0
838,0.0,9,41,1.0,1018,0.0,4103,0.0,10,66,0,0.922573400543658,839.0
839,0.0,10,33,1.0,553,0.0,11878,0.0,12,74,0,0.9224359065976402,840.0
840,0.0,4,27,0.0,199,0.0,2539,0.0,4,55,0,0.9209671448542817,841.0
841,0.0,1,40,0.0,543,0.0,2406,0.0,8,83,0,0.920707699669625,842.0
842,0.0,2,27,0.0,691,0.0,2024,0.0,6,57,0,0.9206074319170711,843.0
843,1.0,1,35,0.0,556,0.0,5916,1.0,8,50,1,0.9204616635338819,844.0
844,0.0,1,37,0.0,408,0.0,3022,0.0,8,73,0,0.9197235617274554,845.0
845,0.0,3,28,0.0,280,0.0,2706,0.0,3,43,0,0.9187513103712992,846.0
846,0.0,9,35,1.0,853,0.0,9069,0.0,9,71,0,0.9169960398591681,847.0
847,0.0,9,43,1.0,559,0.0,5257,0.0,9,82,0,0.9160442258897663,848.0
848,0.0,2,31,0.0,106,0.0,6410,0.0,9,62,0,0.913687943000272,849.0
849,0.0,1,39,0.0,895,0.0,2086,0.0,19,56,1,0.9127239599894954,850.0
850,0.0,5,56,1.0,1240,0.0,2942,0.0,18,63,0,0.9121813035973342,851.0
851,0.0,2,33,0.0,832,0.0,2911,0.0,2,63,0,0.9119687648268693,852.0
852,0.0,1,36,0.0,922,0.0,2835,0.0,7,39,0,0.9118883303207159,853.0
853,0.0,13,33,1.0,1296,0.0,7725,0.0,15,30,0,0.9085039326290825,854.0
854,1.0,19,47,1.0,1379,0.0,5067,1.0,20,64,0,0.9080410162695486,855.0
855,0.0,7,43,1.0,1422,0.0,5675,0.0,7,92,0,0.9078412322740105,856.0
856,0.0,2,34,0.0,1107,0.0,2742,0.0,2,52,1,0.9070809476160978,857.0
857,0.0,10,40,1.0,692,0.0,6323,0.0,10,73,0,0.906900560477932,858.0
858,0.0,13,38,1.0,1189,0.0,4735,0.0,19,90,0,0.9037848205928866,859.0
859,0.0,13,36,1.0,541,0.0,9699,0.0,16,48,0,0.9015704460385263,860.0
860,0.0,5,28,0.0,120,0.0,4221,0.0,5,43,0,0.8997697312851818,861.0
861,0.0,2,50,1.0,1421,0.0,17856,0.0,32,30,0,0.8986227258636248,862.0
862,0.0,9,36,1.0,1467,0.0,9738,0.0,10,92,0,0.8979946390774458,863.0
863,0.0,3,33,0.0,147,0.0,2622,0.0,7,47,0,0.8938407002556931,864.0
864,0.0,4,23,0.0,650,0.0,2500,0.0,5,37,0,0.8919818869393108,865.0
865,0.0,2,29,0.0,408,0.0,2546,0.0,6,71,1,0.8909690582863686,866.0
866,0.0,2,27,0.0,1134,0.0,2811,0.0,4,37,0,0.8909186301895661,867.0
867,1.0,1,40,0.0,369,0.0,6516,1.0,18,92,0,0.8901080581361236,868.0
868,0.0,3,23,0.0,885,0.0,2819,0.0,5,58,0,0.8893092728593208,869.0
869,1.0,6,27,0.0,155,0.0,6142,1.0,6,87,0,0.8878886221481044,870.0
870,0.0,14,34,1.0,829,0.0,17007,0.0,16,71,0,0.8868843621217795,871.0
871,0.0,1,55,0.0,111,0.0,10239,0.0,24,70,0,0.8846645130840026,872.0
872,0.0,4,51,1.0,541,0.0,10596,0.0,14,52,0,0.8839191761883456,873.0
873,0.0,2,28,0.0,995,0.0,2377,0.0,6,77,0,0.8821904048291931,874.0
874,0.0,3,32,0.0,300,0.0,2314,0.0,4,61,0,0.8819937619717253,875.0
875,0.0,0,29,0.0,1210,0.0,6644,0.0,10,78,0,0.8810389101016664,876.0
876,0.0,3,26,0.0,1349,0.0,2886,0.0,3,90,0,0.8807007128633928,877.0
877,0.0,0,38,0.0,1495,0.0,3306,0.0,7,87,0,0.8798823492751712,878.0
878,0.0,1,50,0.0,804,0.0,2380,0.0,8,64,0,0.8781609436364662,879.0
879,0.0,9,38,1.0,216,1.0,9526,1.0,10,44,0,0.8780353069770005,880.0
880,0.0,20,40,1.0,1395,0.0,5605,0.0,20,54,0,0.8765859585828286,881.0
881,0.0,6,50,1.0,878,0.0,6728,0.0,12,94,1,0.8753640038918571,882.0
882,0.0,4,23,0.0,1309,0.0,2904,0.0,4,83,0,0.8746825037442827,883.0
883,0.0,1,37,0.0,342,0.0,6334,0.0,9,66,0,0.8729638233011469,884.0
884,0.0,2,31,0.0,1154,0.0,3067,0.0,3,54,0,0.8712328525653257,885.0
885,0.0,4,31,0.0,329,0.0,2218,0.0,4,98,0,0.8712046036917198,886.0
886,1.0,3,35,0.0,219,0.0,4788,1.0,4,44,0,0.8692375014955548,887.0
887,0.0,0,48,0.0,1469,0.0,2259,0.0,13,51,0,0.8682412742275919,888.0
888,0.0,9,49,1.0,1023,0.0,5390,0.0,17,63,0,0.8679932702637212,889.0
889,0.0,1,36,0.0,660,0.0,4834,0.0,9,81,1,0.8678883959819905,890.0
890,0.0,2,25,0.0,688,0.0,4031,0.0,6,91,1,0.867336645909153,891.0
891,0.0,12,30,0.0,111,0.0,3072,0.0,12,66,0,0.8670050626954819,892.0
892,0.0,1,34,0.0,1031,0.0,4505,0.0,12,45,0,0.8666375759981657,893.0
893,0.0,2,38,0.0,395,0.0,2899,0.0,3,98,0,0.8662847943562448,894.0
894,0.0,6,36,1.0,1195,1.0,6499,1.0,6,95,0,0.8649989586164304,895.0
895,0.0,2,34,0.0,1346,0.0,2661,0.0,3,93,0,0.864840015992439,896.0
896,0.0,1,42,0.0,1210,0.0,4841,0.0,4,68,0,0.8648210014366797,897.0
897,0.0,7,41,1.0,857,0.0,17181,0.0,21,91,0,0.8640135617670083,898.0
898,0.0,1,47,0.0,543,0.0,4978,0.0,4,87,0,0.8639724114896725,899.0
899,0.0,22,40,1.0,530,0.0,13503,0.0,22,78,0,0.8638803276828152,900.0
900,0.0,2,27,0.0,591,0.0,3468,0.0,6,40,0,0.8636872113615435,901.0
901,0.0,1,40,0.0,555,0.0,3448,0.0,20,78,0,0.8634084132730642,902.0
902,0.0,6,30,0.0,241,0.0,2141,0.0,6,48,0,0.8633371965032531,903.0
903,0.0,4,28,0.0,895,0.0,2207,0.0,4,50,0,0.8613198238311511,904.0
904,0.0,3,35,0.0,384,0.0,2572,0.0,3,72,0,0.859786391047145,905.0
905,0.0,5,26,0.0,192,0.0,3955,0.0,6,59,0,0.8596071834242579,906.0
906,0.0,1,31,0.0,1079,0.0,8161,0.0,10,70,1,0.85959806460365,907.0
907,0.0,24,45,1.0,1249,0.0,5210,0.0,24,97,0,0.8595748228750353,908.0
908,0.0,7,31,0.0,154,0.0,2329,0.0,13,41,0,0.8578405698342112,909.0
909,0.0,3,30,0.0,201,0.0,3204,0.0,8,84,0,0.8569050937003034,910.0
910,0.0,2,36,0.0,329,0.0,2543,0.0,6,96,0,0.8565854843556745,911.0
911,0.0,5,30,0.0,330,0.0,2064,0.0,6,46,0,0.8561042983669668,912.0
912,0.0,21,39,1.0,672,0.0,19272,0.0,21,54,0,0.8556094946505162,913.0
913,0.0,7,25,0.0,622,0.0,2096,0.0,7,40,0,0.8551504926127435,914.0
914,0.0,10,31,1.0,1445,1.0,7446,1.0,10,100,1,0.8551420366392138,915.0
915,0.0,20,42,1.0,555,0.0,13525,0.0,23,77,0,0.8548692629779797,916.0
916,0.0,1,41,0.0,1411,0.0,3072,0.0,17,36,0,0.8530142143224378,917.0
917,0.0,5,32,0.0,117,0.0,4403,0.0,8,73,0,0.8515201476424056,918.0
918,0.0,5,29,0.0,136,0.0,5373,0.0,6,89,0,0.8507077931676517,919.0
919,0.0,2,31,0.0,471,0.0,3978,0.0,4,62,0,0.8496538987540967,920.0
920,0.0,5,33,0.0,147,0.0,3600,0.0,5,99,0,0.8489474171360265,921.0
921,0.0,5,26,0.0,841,0.0,2368,0.0,5,46,0,0.8481878626773711,922.0
922,0.0,2,58,0.0,848,0.0,2372,0.0,2,88,0,0.8474706375645433,923.0
923,0.0,24,42,1.0,570,0.0,18430,0.0,24,66,0,0.8459247959763903,924.0
924,0.0,3,25,0.0,383,0.0,4400,0.0,6,68,1,0.8455184360894467,925.0
925,0.0,1,35,0.0,1225,0.0,5093,0.0,16,61,0,0.8453625450724991,926.0
926,0.0,9,39,1.0,711,1.0,5042,1.0,10,81,0,0.8448583596211331,927.0
927,0.0,5,28,0.0,1181,0.0,2044,0.0,5,82,0,0.8437425283907183,928.0
928,0.0,18,41,1.0,840,0.0,19419,0.0,21,64,0,0.8436278785182374,929.0
929,0.0,3,28,0.0,1217,0.0,3591,0.0,3,67,0,0.8435013753131018,930.0
930,0.0,5,28,0.0,1158,0.0,2070,0.0,5,94,0,0.8422087046427229,931.0
931,0.0,14,33,0.0,117,0.0,2781,0.0,15,60,0,0.8419518793933761,932.0
932,0.0,2,45,0.0,192,0.0,2654,0.0,8,69,0,0.841844957903339,933.0
933,0.0,5,27,0.0,798,0.0,2187,0.0,6,66,0,0.841637787315802,934.0
934,0.0,3,27,0.0,486,0.0,3517,0.0,5,86,0,0.8415431187331814,935.0
935,0.0,1,37,0.0,1141,0.0,4777,0.0,15,61,1,0.8410223753171617,936.0
936,0.0,5,49,1.0,1064,0.0,19161,0.0,28,42,0,0.8408808692953764,937.0
937,0.0,5,27,0.0,1377,0.0,2099,0.0,6,91,0,0.8381143116445734,938.0
938,0.0,5,24,0.0,1127,0.0,2774,0.0,6,52,0,0.8373957998480196,939.0
939,0.0,3,24,0.0,1353,0.0,4999,0.0,4,33,0,0.8371468653133575,940.0
940,0.0,3,25,0.0,949,0.0,3229,0.0,7,81,0,0.8366666745792555,941.0
941,0.0,3,25,0.0,810,0.0,4851,0.0,4,57,0,0.8364963140604196,942.0
942,0.0,1,37,0.0,1040,0.0,5163,0.0,17,100,0,0.8358452695402874,943.0
943,0.0,3,29,0.0,1010,0.0,3760,0.0,3,97,0,0.8344927441745027,944.0
944,0.0,3,27,0.0,1277,0.0,4621,0.0,3,87,0,0.8332009011466828,945.0
945,0.0,5,28,0.0,440,0.0,2713,0.0,5,42,0,0.8328193173899954,946.0
946,0.0,5,35,0.0,185,0.0,2705,0.0,6,91,0,0.831699700358932,947.0
947,0.0,5,27,0.0,1354,0.0,2226,0.0,6,41,0,0.8302431265343931,948.0
948,0.0,3,25,0.0,882,0.0,3669,0.0,7,67,0,0.8270182258165961,949.0
949,0.0,5,27,0.0,1167,0.0,2517,0.0,5,76,0,0.8254093998256482,950.0
950,0.0,3,32,0.0,1184,0.0,2332,0.0,5,70,0,0.8245990365060718,951.0
951,0.0,5,40,0.0,118,0.0,4639,0.0,5,84,0,0.8242590712740319,952.0
952,0.0,4,28,0.0,1404,0.0,2367,0.0,6,32,1,0.8237461244397133,953.0
953,0.0,5,24,0.0,1269,0.0,3162,0.0,6,46,0,0.822495872740923,954.0
954,0.0,23,47,1.0,1093,0.0,12936,0.0,25,82,1,0.8211090984978514,955.0
955,0.0,5,24,0.0,581,0.0,4401,0.0,5,62,0,0.8208932585498214,956.0
956,0.0,2,25,0.0,959,0.0,8639,0.0,6,41,0,0.8207737186005665,957.0
957,0.0,4,35,0.0,287,0.0,2977,0.0,4,62,0,0.8201454664561622,958.0
958,0.0,0,42,0.0,1128,0.0,5538,0.0,10,95,0,0.8196762315799507,959.0
959,0.0,7,56,1.0,906,0.0,13212,0.0,36,86,0,0.8193447966198198,960.0
960,0.0,1,42,0.0,265,0.0,18303,0.0,21,90,0,0.8193326898676732,961.0
961,0.0,6,24,0.0,506,0.0,3907,0.0,6,91,0,0.8181822191794859,962.0
962,0.0,2,30,0.0,921,0.0,3833,0.0,7,38,0,0.8140338097657341,963.0
963,0.0,2,30,0.0,1358,0.0,5301,0.0,4,96,0,0.8138915902356572,964.0
964,0.0,1,40,0.0,658,0.0,9705,0.0,11,67,0,0.8133254358246519,965.0
965,0.0,4,27,0.0,1420,0.0,3041,0.0,5,85,1,0.8131363505008959,966.0
966,0.0,5,25,0.0,583,0.0,4256,0.0,5,87,0,0.8119502879475291,967.0
967,0.0,10,29,0.0,121,0.0,7639,0.0,10,35,1,0.8116112261272701,968.0
968,0.0,5,34,0.0,999,0.0,2029,0.0,5,92,0,0.8053831472458277,969.0
969,0.0,1,43,0.0,415,0.0,10798,0.0,18,79,0,0.8050793048766369,970.0
970,0.0,14,54,1.0,1050,0.0,16032,0.0,26,87,0,0.8045094288878963,971.0
971,0.0,5,40,0.0,107,0.0,6852,0.0,7,84,0,0.8041490716945384,972.0
972,0.0,4,29,0.0,1086,0.0,2532,0.0,8,62,0,0.8002896025891199,973.0
973,0.0,32,50,1.0,1246,0.0,18200,0.0,32,99,0,0.7990770595417064,974.0
974,0.0,5,30,0.0,1400,0.0,2097,0.0,9,53,0,0.7990336594395548,975.0
975,0.0,14,33,0.0,267,0.0,2028,0.0,14,79,0,0.7988121993044082,976.0
976,0.0,1,38,0.0,1495,0.0,9824,0.0,18,76,0,0.7977861451534666,977.0
977,0.0,2,44,0.0,170,0.0,5033,0.0,10,78,0,0.7976238416056408,978.0
978,0.0,6,25,0.0,675,0.0,4000,0.0,6,85,0,0.7966040111837137,979.0
979,0.0,3,35,0.0,802,0.0,3917,0.0,3,45,0,0.796296280562216,980.0
980,0.0,18,60,1.0,1499,0.0,10266,0.0,22,80,0,0.7959308415897257,981.0
981,0.0,1,57,0.0,210,0.0,14118,0.0,32,56,0,0.795370831122996,982.0
982,0.0,0,56,0.0,1443,0.0,5380,0.0,6,89,0,0.7951632254449719,983.0
983,0.0,1,43,0.0,1001,0.0,9985,0.0,10,43,0,0.7940163499975645,984.0
984,0.0,3,25,0.0,1372,0.0,6232,0.0,6,93,0,0.7926815968075677,985.0
985,0.0,3,32,0.0,634,0.0,3312,0.0,6,35,0,0.7911306539261396,986.0
986,0.0,5,29,0.0,1328,0.0,2703,0.0,6,76,0,0.7898317824299663,987.0
987,1.0,3,36,0.0,559,0.0,4663,1.0,7,76,0,0.789489713004761,988.0
988,0.0,1,40,0.0,1094,0.0,10932,0.0,20,58,0,0.788788531247353,989.0
989,0.0,5,31,0.0,670,0.0,2911,0.0,5,31,0,0.7885902184777567,990.0
990,0.0,2,50,0.0,316,0.0,3875,0.0,4,54,0,0.7879248780143889,991.0
991,0.0,5,42,0.0,201,0.0,2576,0.0,8,95,0,0.7871524958260359,992.0
992,0.0,4,29,0.0,746,0.0,4649,0.0,4,61,0,0.7861806045975523,993.0
993,0.0,4,40,0.0,329,0.0,2387,0.0,7,88,0,0.785709319060204,994.0
994,0.0,3,34,0.0,829,0.0,3737,0.0,4,88,0,0.7834945711243078,995.0
995,0.0,4,51,1.0,1150,1.0,10650,1.0,18,53,1,0.7825653463202227,996.0
996,0.0,5,27,0.0,1469,0.0,3816,0.0,5,82,0,0.7820852408858419,997.0
997,0.0,8,26,0.0,1355,0.0,2942,0.0,8,61,0,0.7803902604975984,998.0
998,0.0,5,28,0.0,1451,0.0,3201,0.0,6,67,0,0.7798226359048556,999.0
999,0.0,3,32,0.0,976,0.0,4465,0.0,4,100,0,0.7796216056926687,1000.0
1000,0.0,0,48,0.0,530,0.0,12504,0.0,15,91,0,0.7788170258911192,1001.0
1001,0.0,3,39,0.0,1431,0.0,2232,0.0,7,96,0,0.7756103694223301,1002.0
1002,0.0,6,28,0.0,1179,0.0,3196,0.0,6,78,0,0.7755728450399729,1003.0
1003,0.0,4,54,0.0,155,0.0,2897,0.0,9,67,0,0.7720439411962728,1004.0
1004,0.0,5,35,0.0,809,0.0,2426,0.0,6,84,0,0.7713381150791695,1005.0
1005,0.0,3,44,0.0,489,0.0,2042,0.0,17,67,0,0.7705597413411549,1006.0
1006,0.0,5,28,0.0,736,0.0,4724,0.0,5,48,0,0.7701273674392233,1007.0
1007,0.0,1,32,0.0,1373,1.0,9679,1.0,8,56,0,0.7700756630877776,1008.0
1008,0.0,5,41,0.0,548,0.0,2289,0.0,5,94,0,0.7695807440081652,1009.0
1009,0.0,7,29,0.0,1107,0.0,2514,0.0,11,93,0,0.7690068781275577,1010.0
1010,0.0,5,29,0.0,1082,0.0,2974,0.0,9,43,0,0.7685544723826148,1011.0
1011,0.0,1,45,0.0,1339,0.0,9724,0.0,25,59,0,0.7681052496872603,1012.0
1012,0.0,3,40,0.0,896,0.0,2345,0.0,8,68,0,0.7676292404921535,1013.0
1013,0.0,5,36,0.0,1041,0.0,2143,0.0,8,36,0,0.7667200895999773,1014.0
1014,0.0,10,39,0.0,170,0.0,3069,0.0,11,76,0,0.7664507178796204,1015.0
1015,0.0,5,26,0.0,703,0.0,6272,0.0,6,66,0,0.76551969935124,1016.0
1016,0.0,1,60,0.0,370,0.0,10883,0.0,19,92,0,0.7651932194619689,1017.0
1017,1.0,10,31,0.0,330,0.0,6179,1.0,10,98,1,0.7642821653052473,1018.0
1018,0.0,2,39,0.0,835,0.0,3902,0.0,7,41,0,0.7631908951601569,1019.0
1019,0.0,5,36,0.0,1278,0.0,2342,0.0,6,77,0,0.7624871644791626,1020.0
1020,0.0,5,35,0.0,1402,0.0,2430,0.0,6,98,0,0.7619807030469579,1021.0
1021,1.0,10,29,0.0,718,0.0,5056,1.0,10,79,0,0.7611749776751943,1022.0
1022,0.0,5,31,0.0,741,0.0,3477,0.0,6,69,0,0.7609008491912362,1023.0
1023,0.0,5,34,0.0,401,0.0,3294,0.0,7,86,0,0.7605576696627664,1024.0
1024,0.0,2,59,0.0,818,0.0,2267,0.0,7,52,0,0.7605088782187518,1025.0
1025,0.0,8,32,0.0,1062,0.0,2370,0.0,8,75,0,0.7601498463344535,1026.0
1026,0.0,3,30,0.0,855,0.0,4779,0.0,8,73,0,0.7596598014831174,1027.0
1027,0.0,9,27,0.0,728,0.0,3540,0.0,9,36,0,0.7583605091704446,1028.0
1028,0.0,4,33,0.0,587,0.0,3408,0.0,8,38,1,0.7558480083230702,1029.0
1029,0.0,2,33,0.0,1242,0.0,6392,0.0,8,46,0,0.7532050057930917,1030.0
1030,0.0,10,29,0.0,1252,0.0,2700,0.0,10,81,0,0.7521220630767818,1031.0
1031,0.0,7,27,0.0,1302,0.0,4066,0.0,7,67,0,0.7518605532904198,1032.0
1032,1.0,9,32,0.0,427,0.0,6162,1.0,9,33,0,0.7508628737948693,1033.0
1033,0.0,3,56,0.0,1255,0.0,2066,0.0,5,90,0,0.7506483721151576,1034.0
1034,0.0,2,34,0.0,1351,0.0,5484,0.0,9,45,0,0.750254422001843,1035.0
1035,0.0,5,28,0.0,1169,0.0,4936,0.0,6,63,0,0.7500623160180833,1036.0
1036,0.0,3,31,0.0,1365,0.0,4233,0.0,9,46,1,0.7492876727221378,1037.0
1037,0.0,5,36,0.0,1351,0.0,2810,0.0,5,66,0,0.7491352668439797,1038.0
1038,0.0,11,30,0.0,288,0.0,4152,0.0,11,99,0,0.7484284967698583,1039.0
1039,0.0,12,31,0.0,196,0.0,5468,0.0,13,91,0,0.7473158368005172,1040.0
1040,0.0,1,55,0.0,478,0.0,19038,0.0,34,60,0,0.7469650008787321,1041.0
1041,0.0,8,26,0.0,1384,0.0,4420,0.0,8,82,0,0.7463019211336309,1042.0
1042,0.0,10,30,0.0,793,0.0,2862,0.0,10,33,0,0.7462955971944812,1043.0
1043,0.0,1,49,0.0,1098,0.0,18711,0.0,23,85,0,0.7450431359502169,1044.0
1044,0.0,4,51,0.0,432,0.0,2075,0.0,10,96,0,0.7447212925751979,1045.0
1045,0.0,5,41,0.0,933,0.0,2238,0.0,7,94,0,0.7447044805288635,1046.0
1046,0.0,4,30,0.0,1329,0.0,4115,0.0,8,61,0,0.744452223945143,1047.0
1047,0.0,3,44,0.0,935,0.0,2362,0.0,10,89,1,0.7442957824128863,1048.0
1048,0.0,9,33,0.0,465,0.0,2707,0.0,13,39,1,0.7440410694008445,1049.0
1049,0.0,4,32,0.0,1401,0.0,3931,0.0,6,56,0,0.7439146148066254,1050.0
1050,0.0,8,35,0.0,982,0.0,2258,0.0,10,58,0,0.743401737501257,1051.0
1051,0.0,7,30,0.0,305,0.0,5294,0.0,10,58,0,0.7431010855546379,1052.0
1052,0.0,8,30,0.0,231,0.0,7264,0.0,10,62,0,0.7424057279523898,1053.0
1053,0.0,8,31,0.0,218,0.0,6929,0.0,10,100,0,0.7417177310706781,1054.0
1054,0.0,8,26,0.0,933,0.0,5296,0.0,8,57,0,0.741283767915001,1055.0
1055,0.0,17,45,0.0,194,0.0,2348,0.0,20,60,0,0.7412614531273107,1056.0
1056,0.0,3,50,0.0,328,0.0,3690,0.0,5,86,0,0.7410290164298077,1057.0
1057,0.0,5,43,0.0,1344,0.0,2089,0.0,7,37,0,0.7408627877863834,1058.0
1058,0.0,8,39,0.0,141,0.0,6389,0.0,12,44,0,0.7407011542100213,1059.0
1059,0.0,9,37,0.0,142,0.0,8834,0.0,9,69,0,0.7403349450914636,1060.0
1060,0.0,10,31,0.0,311,0.0,4197,0.0,10,89,0,0.7402635027992415,1061.0
1061,0.0,4,34,0.0,628,0.0,4404,0.0,6,82,0,0.7388809231587898,1062.0
1062,0.0,7,38,0.0,433,0.0,2844,0.0,7,37,0,0.7386158052137047,1063.0
1063,0.0,8,33,0.0,931,0.0,2756,0.0,8,72,0,0.7385558908248245,1064.0
1064,0.0,3,36,0.0,329,0.0,5647,0.0,11,98,0,0.7369513159808184,1065.0
1065,0.0,2,38,0.0,688,0.0,5745,0.0,10,82,0,0.7367327314312889,1066.0
1066,0.0,5,40,0.0,1194,0.0,2001,0.0,20,98,0,0.7366149405939189,1067.0
1067,0.0,4,40,0.0,458,0.0,3544,0.0,6,74,0,0.7361295244294278,1068.0
1068,0.0,10,29,0.0,1401,0.0,3131,0.0,10,54,0,0.7354653116732911,1069.0
1069,0.0,3,29,0.0,1247,0.0,6931,0.0,10,45,0,0.735165415465873,1070.0
1070,0.0,4,42,0.0,179,0.0,6272,0.0,10,79,0,0.7341560067574454,1071.0
1071,0.0,5,37,0.0,228,0.0,6502,0.0,7,98,0,0.7331841520033164,1072.0
1072,0.0,5,45,0.0,950,0.0,2132,0.0,8,97,0,0.7319049263700897,1073.0
1073,0.0,7,36,0.0,917,0.0,2741,0.0,7,60,0,0.7309756425283679,1074.0
1074,0.0,4,32,0.0,1474,0.0,4707,0.0,6,60,1,0.7308175257053934,1075.0
1075,1.0,3,36,0.0,913,0.0,8847,1.0,13,48,0,0.7302611100832305,1076.0
1076,0.0,6,33,0.0,392,0.0,5505,0.0,6,93,0,0.7301668087315257,1077.0
1077,0.0,16,38,0.0,119,0.0,10609,0.0,17,76,0,0.7299027412777638,1078.0
1078,0.0,14,35,0.0,208,0.0,4148,0.0,15,52,0,0.729635248444839,1079.0
1079,0.0,10,36,0.0,164,0.0,7596,0.0,10,61,0,0.7290582460770779,1080.0
1080,0.0,6,29,0.0,1176,0.0,5561,0.0,6,62,0,0.7277854111870249,1081.0
1081,1.0,5,38,0.0,397,0.0,7756,1.0,10,54,0,0.7273460767827931,1082.0
1082,0.0,8,29,0.0,657,0.0,4335,0.0,11,66,0,0.7262805509325763,1083.0
1083,0.0,5,37,0.0,589,0.0,4189,0.0,5,46,0,0.7260288552132268,1084.0
1084,0.0,10,30,0.0,853,0.0,3491,0.0,10,49,0,0.7260111833519288,1085.0
1085,0.0,4,40,0.0,616,0.0,3377,0.0,7,99,0,0.7243691992437981,1086.0
1086,0.0,5,45,0.0,974,0.0,2270,0.0,8,91,0,0.7229667604920123,1087.0
1087,0.0,3,34,0.0,1111,0.0,6500,0.0,6,93,0,0.7229216775025298,1088.0
1088,0.0,3,33,0.0,654,0.0,7119,0.0,9,34,0,0.7216694586966991,1089.0
1089,0.0,6,42,0.0,355,0.0,2936,0.0,10,38,0,0.7216065761739383,1090.0
1090,0.0,10,34,0.0,678,0.0,2929,0.0,10,35,0,0.7214446652944995,1091.0
1091,0.0,5,33,0.0,1099,0.0,3838,0.0,8,82,0,0.7213992495863578,1092.0
1092,0.0,8,27,0.0,1130,0.0,6214,0.0,8,56,0,0.7201882438769104,1093.0
1093,0.0,9,33,0.0,775,0.0,3055,0.0,11,90,0,0.7200432709976501,1094.0
1094,0.0,3,34,0.0,1381,0.0,6538,0.0,6,72,0,0.7195739943381795,1095.0
1095,0.0,5,43,0.0,1273,0.0,2645,0.0,6,72,0,0.7177550887854053,1096.0
1096,0.0,4,36,0.0,335,0.0,5507,0.0,12,33,0,0.7174462358206353,1097.0
1097,0.0,5,42,0.0,855,0.0,2766,0.0,7,57,0,0.7171564097016627,1098.0
1098,0.0,10,34,0.0,1397,0.0,2691,0.0,10,42,0,0.7171356448696421,1099.0
1099,0.0,7,34,0.0,1303,0.0,2768,0.0,14,62,0,0.716869010195835,1100.0
1100,0.0,4,32,0.0,371,0.0,9610,0.0,10,80,0,0.7167944399844504,1101.0
1101,0.0,8,30,0.0,501,0.0,5304,0.0,10,99,0,0.7166872055331835,1102.0
1102,0.0,3,40,0.0,1151,0.0,4876,0.0,5,63,0,0.7166706139817747,1103.0
1103,0.0,5,38,0.0,1153,0.0,3702,0.0,5,40,0,0.7160741372088426,1104.0
1104,0.0,9,41,0.0,465,0.0,2451,0.0,13,56,0,0.7159898430806902,1105.0
1105,0.0,8,34,0.0,285,0.0,5429,0.0,10,86,0,0.7156680343339454,1106.0
1106,0.0,5,32,0.0,638,0.0,5175,0.0,9,91,0,0.7156541720748105,1107.0
1107,0.0,10,28,0.0,1300,0.0,4558,0.0,10,79,0,0.7149192221016729,1108.0
1108,0.0,5,35,0.0,1219,0.0,4601,0.0,5,86,0,0.7146286276901515,1109.0
1109,1.0,4,42,0.0,932,0.0,6062,1.0,8,43,0,0.7131687964569836,1110.0
1110,0.0,10,44,0.0,1117,0.0,2011,0.0,10,72,0,0.7129738143983307,1111.0
1111,0.0,9,48,0.0,163,0.0,4051,0.0,14,37,0,0.712628810360655,1112.0
1112,0.0,5,52,0.0,258,0.0,2950,0.0,12,54,0,0.7119653322995632,1113.0
1113,0.0,5,41,0.0,642,0.0,2782,0.0,12,76,0,0.7119530006624051,1114.0
1114,0.0,4,32,0.0,601,0.0,9204,0.0,7,97,0,0.7110855392055115,1115.0
1115,0.0,12,30,0.0,911,0.0,3748,0.0,12,76,0,0.7109968235377142,1116.0
1116,0.0,6,32,0.0,1200,0.0,4087,0.0,9,62,0,0.7109255102937552,1117.0
1117,0.0,3,37,0.0,1017,0.0,3920,0.0,17,83,0,0.7109095631280694,1118.0
1118,0.0,3,49,0.0,271,0.0,4789,0.0,10,43,0,0.7108425499308494,1119.0
1119,0.0,7,29,0.0,441,0.0,9715,0.0,9,39,0,0.7103529704672116,1120.0
1120,1.0,7,36,0.0,363,0.0,10252,1.0,17,77,0,0.7090465935251274,1121.0
1121,0.0,9,33,0.0,586,0.0,4037,0.0,9,48,0,0.7088204425707172,1122.0
1122,0.0,10,33,0.0,867,0.0,3143,0.0,14,90,0,0.7075305774674694,1123.0
1123,0.0,11,29,0.0,408,0.0,7336,0.0,11,45,1,0.7071276237313225,1124.0
1124,0.0,5,35,0.0,682,0.0,5561,0.0,6,71,0,0.7062294400159913,1125.0
1125,0.0,7,29,0.0,726,0.0,6384,0.0,11,93,0,0.7055646034966718,1126.0
1126,0.0,5,31,0.0,1003,0.0,8346,0.0,6,51,0,0.7048060063894265,1127.0
1127,0.0,7,31,0.0,525,0.0,5460,0.0,13,66,0,0.7042266641605476,1128.0
1128,0.0,9,30,0.0,1138,0.0,4627,0.0,10,48,0,0.7023381659911393,1129.0
1129,0.0,3,36,0.0,1351,0.0,5347,0.0,10,80,0,0.7019737116089063,1130.0
1130,1.0,10,42,0.0,319,0.0,7406,1.0,10,56,0,0.7016498238165066,1131.0
1131,0.0,4,30,0.0,1288,0.0,9250,0.0,9,33,0,0.7011718858514735,1132.0
1132,0.0,5,45,0.0,176,0.0,9756,0.0,9,56,0,0.7003503346889057,1133.0
1133,0.0,10,30,0.0,570,0.0,6118,0.0,10,30,0,0.6996078824190871,1134.0
1134,0.0,7,31,0.0,655,0.0,5915,0.0,10,48,0,0.6993319082938981,1135.0
1135,0.0,10,35,0.0,750,0.0,3407,0.0,10,46,0,0.6990951286951884,1136.0
1136,0.0,3,36,0.0,711,0.0,8008,0.0,9,42,0,0.6980000190357856,1137.0
1137,1.0,5,54,0.0,376,0.0,5485,1.0,9,95,0,0.6964114298427091,1138.0
1138,0.0,13,33,0.0,213,0.0,11691,0.0,14,49,0,0.695361138577552,1139.0
1139,0.0,9,28,0.0,1476,0.0,6674,0.0,10,55,0,0.6950100932699549,1140.0
1140,0.0,6,37,0.0,367,0.0,5731,0.0,9,52,0,0.694931109424973,1141.0
1141,0.0,5,33,0.0,1216,0.0,7104,0.0,6,39,0,0.6949096244057636,1142.0
1142,0.0,5,41,0.0,337,0.0,4393,0.0,14,54,0,0.694366848570746,1143.0
1143,0.0,5,37,0.0,921,0.0,3452,0.0,17,98,0,0.6942765597072091,1144.0
1144,0.0,11,38,0.0,1336,0.0,2592,0.0,13,100,0,0.6933569548933581,1145.0
1145,0.0,10,56,0.0,310,0.0,2339,0.0,14,72,1,0.6931517320296642,1146.0
1146,0.0,5,32,0.0,1146,0.0,6667,0.0,9,34,0,0.6906206609324224,1147.0
1147,0.0,6,34,0.0,1400,0.0,5714,0.0,6,70,0,0.6900670472194492,1148.0
1148,1.0,3,45,0.0,1448,0.0,9380,1.0,10,55,0,0.6900377808908837,1149.0
1149,0.0,15,34,0.0,216,0.0,9725,0.0,16,75,0,0.6889069542205428,1150.0
1150,0.0,3,41,0.0,552,0.0,6430,0.0,10,60,0,0.6887154050335625,1151.0
1151,0.0,7,36,0.0,325,0.0,7094,0.0,10,63,0,0.6881646556797402,1152.0
1152,0.0,7,33,0.0,750,0.0,6146,0.0,8,95,0,0.687394311581525,1153.0
1153,0.0,10,32,0.0,548,0.0,6220,0.0,10,66,0,0.686115174987175,1154.0
1154,0.0,10,30,0.0,852,0.0,6578,0.0,10,72,0,0.6860384624688426,1155.0
1155,0.0,5,31,0.0,688,0.0,11557,0.0,10,44,0,0.6858007832684615,1156.0
1156,0.0,3,39,0.0,1251,0.0,5736,0.0,10,32,0,0.6849504635142977,1157.0
1157,0.0,7,30,0.0,979,0.0,7140,0.0,12,94,0,0.6847692216339248,1158.0
1158,0.0,7,29,0.0,694,0.0,16124,0.0,9,87,0,0.6837037266685488,1159.0
1159,0.0,8,48,0.0,1108,0.0,2367,0.0,10,65,0,0.6835712746400671,1160.0
1160,0.0,13,31,0.0,326,0.0,10793,0.0,13,31,0,0.6834607545849761,1161.0
1161,0.0,10,32,0.0,1089,0.0,4883,0.0,10,79,1,0.6833376095387986,1162.0
1162,0.0,10,32,0.0,604,0.0,6209,0.0,10,56,0,0.6832371636368336,1163.0
1163,0.0,10,30,0.0,1275,0.0,5775,0.0,11,64,0,0.6831778326733673,1164.0
1164,0.0,7,32,0.0,824,0.0,5878,0.0,12,67,0,0.6831520813337053,1165.0
1165,0.0,10,31,0.0,1112,0.0,5476,0.0,10,67,0,0.6831462664278991,1166.0
1166,0.0,10,41,0.0,509,0.0,3376,0.0,10,43,0,0.6829979394406361,1167.0
1167,0.0,2,48,0.0,1221,0.0,5486,0.0,15,96,0,0.6828657494172263,1168.0
1168,0.0,7,31,0.0,691,0.0,7547,0.0,13,73,0,0.6811445234420924,1169.0
1169,0.0,9,32,0.0,977,0.0,5470,0.0,10,45,0,0.6810354002124447,1170.0
1170,0.0,9,31,0.0,1463,0.0,5582,0.0,10,64,0,0.6807294671352289,1171.0
1171,0.0,15,36,0.0,301,0.0,5406,0.0,15,88,0,0.6805995849968007,1172.0
1172,0.0,10,38,0.0,345,0.0,5343,0.0,10,100,0,0.679780790968131,1173.0
1173,0.0,4,52,0.0,715,0.0,4258,0.0,5,41,0,0.6782842437039103,1174.0
1174,0.0,8,37,0.0,1470,0.0,3936,0.0,8,71,0,0.6773913336159073,1175.0
1175,0.0,18,50,0.0,145,0.0,6347,0.0,19,95,0,0.6770394357908359,1176.0
1176,0.0,2,48,0.0,817,0.0,8120,0.0,12,56,0,0.6766383983821287,1177.0
1177,0.0,10,29,0.0,1246,0.0,8620,0.0,10,77,0,0.6765090555373483,1178.0
1178,0.0,9,31,0.0,1188,0.0,6932,0.0,9,45,0,0.6759687287860818,1179.0
1179,1.0,17,35,0.0,607,0.0,10685,1.0,17,66,0,0.6756852083779447,1180.0
1180,0.0,8,34,0.0,704,0.0,6712,0.0,8,95,0,0.6750327453238598,1181.0
1181,0.0,10,30,0.0,740,0.0,9714,0.0,10,64,1,0.6745471194027897,1182.0
1182,0.0,7,40,0.0,300,0.0,8396,0.0,8,74,0,0.6739896424612627,1183.0
1183,0.0,10,37,0.0,674,0.0,4285,0.0,10,47,0,0.6735086394804717,1184.0
1184,1.0,5,52,0.0,319,0.0,7969,1.0,28,39,0,0.6732542561514729,1185.0
1185,0.0,9,40,0.0,1300,0.0,3319,0.0,9,62,0,0.6728968667219166,1186.0
1186,0.0,4,49,0.0,1418,0.0,3580,0.0,7,36,0,0.6725951832561555,1187.0
1187,0.0,5,38,0.0,1206,0.0,4771,0.0,10,71,0,0.6717576978871352,1188.0
1188,0.0,15,36,0.0,1403,0.0,3210,0.0,16,47,0,0.6714863518613792,1189.0
1189,0.0,18,37,0.0,1107,0.0,3034,0.0,18,95,0,0.6710074934021827,1190.0
1190,0.0,10,29,0.0,986,0.0,11935,0.0,10,93,0,0.6706279613961444,1191.0
1191,0.0,20,44,0.0,136,0.0,16328,0.0,24,32,0,0.6706018982916241,1192.0
1192,0.0,9,30,0.0,1398,0.0,8412,0.0,10,69,0,0.6705428891663762,1193.0
1193,0.0,2,46,0.0,430,0.0,19627,0.0,23,40,0,0.670283161231619,1194.0
1194,0.0,11,35,0.0,619,0.0,4717,0.0,15,85,0,0.6692783999379406,1195.0
1195,0.0,13,32,0.0,906,0.0,5484,0.0,13,91,0,0.6690204311558688,1196.0
1196,0.0,8,40,0.0,663,0.0,3975,0.0,11,81,0,0.6688562929386156,1197.0
1197,0.0,6,47,0.0,465,0.0,3420,0.0,17,74,0,0.6681034519425566,1198.0
1198,0.0,15,34,0.0,1157,0.0,3986,0.0,15,57,0,0.6680881122922849,1199.0
1199,0.0,9,35,0.0,817,0.0,5363,0.0,10,60,0,0.6677226401858973,1200.0
1200,0.0,5,40,0.0,759,0.0,5715,0.0,8,46,0,0.6676215043491625,1201.0
1201,0.0,5,33,0.0,575,1.0,4320,1.0,5,44,0,0.6665013418127927,1202.0
1202,0.0,10,45,0.0,336,0.0,4385,0.0,10,52,0,0.6659378370010643,1203.0
1203,1.0,7,49,0.0,1002,0.0,6804,1.0,7,92,0,0.6652649869434494,1204.0
1204,0.0,2,41,0.0,549,1.0,5003,1.0,8,42,0,0.6643946611584509,1205.0
1205,0.0,6,36,0.0,1120,0.0,6652,0.0,8,100,0,0.6642435032573082,1206.0
1206,0.0,5,30,0.0,317,1.0,6091,1.0,11,43,0,0.6635504263903508,1207.0
1207,0.0,5,55,0.0,836,0.0,2662,0.0,19,98,0,0.6610643834909039,1208.0
1208,0.0,7,36,0.0,1229,0.0,5079,0.0,12,84,0,0.6608974228618003,1209.0
1209,0.0,10,30,0.0,1339,0.0,9419,0.0,12,41,0,0.660646713498544,1210.0
1210,0.0,18,38,0.0,201,0.0,13206,0.0,20,99,0,0.6605955510489041,1211.0
1211,0.0,11,34,0.0,1130,0.0,5433,0.0,11,66,0,0.6600068535976035,1212.0
1212,0.0,10,34,0.0,810,0.0,6799,0.0,10,92,0,0.6594154800897829,1213.0
1213,0.0,9,40,0.0,218,0.0,13757,0.0,16,55,0,0.6592731788325288,1214.0
1214,0.0,5,36,0.0,1040,0.0,6842,0.0,13,79,0,0.6590562092724963,1215.0
1215,0.0,5,52,0.0,1325,0.0,3149,0.0,9,82,0,0.6580560893543824,1216.0
1216,0.0,10,42,0.0,622,0.0,4089,0.0,10,81,0,0.6574977114661732,1217.0
1217,0.0,11,31,0.0,697,0.0,11031,0.0,13,40,0,0.6572860640424625,1218.0
1218,1.0,3,53,0.0,661,0.0,12965,1.0,27,60,0,0.6570955376436817,1219.0
1219,0.0,9,36,0.0,557,0.0,7644,0.0,10,94,0,0.6558666134798927,1220.0
1220,0.0,10,35,0.0,662,0.0,7295,0.0,10,94,0,0.6556551468488035,1221.0
1221,0.0,7,40,0.0,750,0.0,4448,0.0,15,47,0,0.655462964894903,1222.0
1222,0.0,8,36,0.0,427,0.0,11713,0.0,10,63,0,0.6549079885515633,1223.0
1223,0.0,5,39,0.0,1383,0.0,5204,0.0,13,42,0,0.6542820219463995,1224.0
1224,0.0,10,45,0.0,549,0.0,3697,0.0,12,75,0,0.6540708142615241,1225.0
1225,0.0,4,55,0.0,1441,0.0,3537,0.0,8,94,0,0.6539449852505533,1226.0
1226,0.0,10,37,0.0,1239,0.0,4071,0.0,19,89,0,0.6531649690495924,1227.0
1227,0.0,9,49,0.0,722,0.0,3211,0.0,10,84,0,0.6531471249290579,1228.0
1228,0.0,6,43,0.0,990,0.0,4876,0.0,8,87,0,0.6523555131056606,1229.0
1229,0.0,7,36,0.0,1299,0.0,5237,0.0,17,94,0,0.6520776570770671,1230.0
1230,0.0,6,33,0.0,922,0.0,16184,0.0,10,95,0,0.651730260725398,1231.0
1231,0.0,9,36,0.0,1105,0.0,5674,0.0,11,47,0,0.6514582406079411,1232.0
1232,0.0,8,34,0.0,1239,0.0,8628,0.0,9,39,0,0.6508868557313299,1233.0
1233,0.0,9,34,0.0,943,0.0,8500,0.0,10,86,0,0.6500021287253887,1234.0
1234,0.0,16,35,0.0,819,0.0,5208,0.0,16,48,0,0.6492359740642131,1235.0
1235,0.0,2,51,0.0,942,0.0,13116,0.0,15,53,0,0.6473702273007804,1236.0
1236,0.0,8,45,0.0,561,0.0,4805,0.0,9,61,0,0.6473377172978849,1237.0
1237,0.0,11,40,0.0,444,0.0,5677,0.0,15,92,0,0.6458848053215622,1238.0
1238,0.0,9,49,0.0,174,0.0,13120,0.0,22,56,0,0.6455658196501235,1239.0
1239,0.0,11,46,0.0,168,0.0,18789,0.0,26,33,0,0.6450720442063866,1240.0
1240,0.0,14,32,0.0,801,0.0,10422,0.0,14,48,0,0.6432558101233071,1241.0
1241,0.0,8,38,0.0,1327,0.0,5249,0.0,13,39,0,0.6426836447733385,1242.0
1242,0.0,5,40,0.0,1194,0.0,6513,0.0,12,52,0,0.6421533603523177,1243.0
1243,0.0,10,35,0.0,882,0.0,7823,0.0,12,92,0,0.6420307465856766,1244.0
1244,0.0,7,38,0.0,1009,0.0,6893,0.0,11,31,0,0.6407558175833584,1245.0
1245,0.0,8,40,0.0,1342,0.0,5473,0.0,9,47,0,0.6401853651140311,1246.0
1246,0.0,9,45,0.0,805,0.0,4447,0.0,9,57,0,0.6398697247253693,1247.0
1247,0.0,9,46,0.0,261,0.0,8926,0.0,13,66,1,0.639641459600888,1248.0
1248,0.0,7,39,0.0,613,0.0,9991,0.0,9,42,0,0.639251847297683,1249.0
1249,0.0,8,45,0.0,589,0.0,5154,0.0,10,67,0,0.6388118579763825,1250.0
1250,0.0,2,53,0.0,868,0.0,11836,0.0,28,73,0,0.6385248966417051,1251.0
1251,0.0,14,32,0.0,1045,0.0,10400,0.0,14,32,1,0.6382115458591229,1252.0
1252,0.0,19,38,0.0,330,0.0,8823,0.0,20,65,0,0.6371010975093856,1253.0
1253,0.0,15,38,0.0,1321,0.0,4440,0.0,16,86,0,0.6368093805997894,1254.0
1254,0.0,7,35,0.0,1315,0.0,11996,0.0,10,71,0,0.635767067923309,1255.0
1255,0.0,9,52,0.0,585,0.0,3482,0.0,16,40,0,0.6341284613973276,1256.0
1256,0.0,11,35,0.0,1232,0.0,8020,0.0,12,96,0,0.6334980256632614,1257.0
1257,0.0,3,57,0.0,593,0.0,6755,0.0,15,88,0,0.6299757606744073,1258.0
1258,0.0,2,39,0.0,1089,1.0,8376,1.0,9,32,0,0.6294302806236264,1259.0
1259,0.0,9,42,0.0,691,0.0,6825,0.0,10,48,0,0.6279100910497717,1260.0
1260,0.0,3,49,0.0,1495,0.0,6651,0.0,20,96,0,0.6277238496269292,1261.0
1261,0.0,13,35,0.0,737,0.0,10306,0.0,15,55,1,0.6275298831745262,1262.0
1262,0.0,5,41,0.0,930,0.0,8938,0.0,14,57,0,0.6267932202100985,1263.0
1263,0.0,4,49,0.0,301,0.0,16413,0.0,27,72,0,0.6263088454356192,1264.0
1264,0.0,40,58,0.0,147,0.0,10312,0.0,40,94,1,0.6252622016876874,1265.0
1265,0.0,2,27,1.0,472,0.0,4298,1.0,6,60,0,0.6245897842619905,1266.0
1266,0.0,7,39,0.0,1462,0.0,8237,0.0,11,38,0,0.623824034837273,1267.0
1267,0.0,4,46,0.0,644,0.0,9396,0.0,17,97,0,0.6233454293618007,1268.0
1268,0.0,10,41,0.0,645,0.0,8392,0.0,10,49,0,0.6230666523421204,1269.0
1269,0.0,10,43,0.0,574,0.0,7510,0.0,10,30,0,0.6230042767131174,1270.0
1270,0.0,21,41,0.0,247,0.0,19973,0.0,21,55,0,0.6215434648428219,1271.0
1271,0.0,20,42,0.0,635,0.0,4907,0.0,20,99,0,0.6212018212554606,1272.0
1272,0.0,9,38,0.0,1245,0.0,9924,0.0,10,80,0,0.6197760790879987,1273.0
1273,0.0,11,31,0.0,746,1.0,4424,1.0,11,61,0,0.6195035807428341,1274.0
1274,0.0,9,31,0.0,325,1.0,9936,1.0,10,74,0,0.6192844862919618,1275.0
1275,0.0,10,45,0.0,538,0.0,7441,0.0,10,66,0,0.6185027796945559,1276.0
1276,0.0,4,43,0.0,589,0.0,17159,0.0,22,94,0,0.6182706673640344,1277.0
1277,0.0,13,46,0.0,228,0.0,16606,0.0,23,51,0,0.6179972853267307,1278.0
1278,0.0,14,37,0.0,625,0.0,10609,0.0,17,46,1,0.617443329474236,1279.0
1279,0.0,6,39,0.0,1485,0.0,10920,0.0,13,71,0,0.6163057079774726,1280.0
1280,0.0,10,37,0.0,370,1.0,4213,1.0,10,58,1,0.6160423139862395,1281.0
1281,0.0,10,44,0.0,621,0.0,7978,0.0,10,73,1,0.614837579069771,1282.0
1282,0.0,15,39,0.0,1329,0.0,5902,0.0,17,47,0,0.6146760171052719,1283.0
1283,0.0,12,40,0.0,1202,0.0,6377,0.0,15,89,0,0.6136282960733055,1284.0
1284,0.0,8,52,0.0,723,0.0,4941,0.0,11,85,1,0.6134591257172928,1285.0
1285,0.0,8,48,0.0,492,0.0,6439,0.0,18,96,0,0.6124712004908388,1286.0
1286,0.0,7,46,0.0,377,0.0,10096,0.0,28,52,1,0.6114054571809517,1287.0
1287,0.0,3,46,0.0,1009,0.0,17861,0.0,26,51,0,0.6112290290073426,1288.0
1288,0.0,12,57,0.0,405,0.0,4900,0.0,13,93,0,0.6091420207038217,1289.0
1289,0.0,11,36,0.0,217,1.0,7779,1.0,18,78,0,0.6087033317388592,1290.0
1290,0.0,4,53,0.0,1395,0.0,7005,0.0,11,48,0,0.6085460303329184,1291.0
1291,1.0,22,47,0.0,1001,0.0,10333,1.0,28,92,0,0.6077023945257339,1292.0
1292,0.0,12,40,0.0,630,0.0,10855,0.0,15,67,0,0.6076084300940047,1293.0
1293,0.0,17,36,0.0,1223,0.0,10096,0.0,17,59,0,0.6074727542191626,1294.0
1294,0.0,7,54,0.0,431,0.0,6854,0.0,14,68,0,0.6071508330868871,1295.0
1295,0.0,3,48,0.0,1236,0.0,15402,0.0,21,40,0,0.6069933206748477,1296.0
1296,0.0,10,38,0.0,849,0.0,12061,0.0,19,81,0,0.606485658379329,1297.0
1297,0.0,3,47,0.0,1225,0.0,15972,0.0,29,47,0,0.6060263901827485,1298.0
1298,0.0,22,41,0.0,314,0.0,19189,0.0,22,59,0,0.6060031695697196,1299.0
1299,0.0,8,47,0.0,1169,0.0,5467,0.0,16,64,0,0.6048181228359927,1300.0
1300,0.0,3,47,0.0,1482,0.0,18300,0.0,21,42,0,0.6045459186235255,1301.0
1301,1.0,10,58,0.0,601,0.0,10008,1.0,31,53,1,0.6041645170120106,1302.0
1302,0.0,22,42,0.0,300,0.0,18880,0.0,24,56,0,0.604005728429611,1303.0
1303,1.0,12,50,0.0,939,0.0,13973,1.0,22,95,0,0.603477568406393,1304.0
1304,0.0,24,45,0.0,252,0.0,19202,0.0,25,70,0,0.6030044818543036,1305.0
1305,0.0,7,51,0.0,1178,0.0,4936,0.0,18,87,0,0.6014670740223571,1306.0
1306,0.0,15,45,0.0,1050,0.0,5593,0.0,15,65,0,0.6001162616592207,1307.0
1307,0.0,7,30,0.0,1092,1.0,9667,1.0,9,64,0,0.5991477544748267,1308.0
1308,0.0,8,39,0.0,524,1.0,4534,1.0,9,32,0,0.5961000351588209,1309.0
1309,0.0,11,40,0.0,1492,0.0,10322,0.0,14,61,0,0.5958173134708669,1310.0
1310,0.0,1,37,1.0,504,0.0,10048,1.0,17,61,1,0.595735818703304,1311.0
1311,0.0,8,46,0.0,1254,0.0,7314,0.0,14,64,1,0.5954410486447855,1312.0
1312,0.0,20,39,0.0,722,0.0,12031,0.0,21,60,0,0.593609539710174,1313.0
1313,0.0,18,39,0.0,1132,0.0,9613,0.0,19,48,0,0.5935272528450641,1314.0
1314,0.0,9,49,0.0,1184,0.0,7654,0.0,9,43,1,0.59274470711876,1315.0
1315,0.0,15,38,0.0,1333,0.0,13582,0.0,15,80,0,0.5926531763342908,1316.0
1316,0.0,6,54,0.0,1147,0.0,5940,0.0,16,52,0,0.5913063954007904,1317.0
1317,0.0,21,41,0.0,427,0.0,19141,0.0,23,73,0,0.5912428744168509,1318.0
1318,0.0,11,30,0.0,829,1.0,8474,1.0,12,88,0,0.590256971559908,1319.0
1319,0.0,4,50,0.0,691,0.0,17639,0.0,30,64,0,0.5885347054320053,1320.0
1320,0.0,22,44,0.0,477,0.0,10248,0.0,24,42,0,0.588384110231663,1321.0
1321,0.0,4,46,0.0,1450,0.0,19081,0.0,25,52,0,0.5873312700652282,1322.0
1322,0.0,9,54,0.0,397,0.0,10725,0.0,16,88,0,0.5858354806383148,1323.0
1323,0.0,12,46,0.0,406,0.0,17465,0.0,23,52,0,0.5848235115305958,1324.0
1324,0.0,22,42,0.0,469,0.0,17665,0.0,23,35,0,0.5845203375831414,1325.0
1325,0.0,4,54,0.0,1217,0.0,13549,0.0,16,60,0,0.5802471771033963,1326.0
1326,0.0,13,56,0.0,667,0.0,6306,0.0,13,57,0,0.5793332300474676,1327.0
1327,0.0,22,42,0.0,532,0.0,19232,0.0,22,58,0,0.5792331114591804,1328.0
1328,0.0,20,47,0.0,359,0.0,17169,0.0,26,82,0,0.5792058195716072,1329.0
1329,0.0,26,49,0.0,527,0.0,7403,0.0,29,51,0,0.5772054158181716,1330.0
1330,0.0,8,43,0.0,920,0.0,19740,0.0,25,96,0,0.5769851223254824,1331.0
1331,0.0,24,46,0.0,526,0.0,10453,0.0,24,92,0,0.5769725060469424,1332.0
1332,0.0,4,54,0.0,821,0.0,19406,0.0,24,86,0,0.5752180092016426,1333.0
1333,0.0,5,47,0.0,1176,0.0,19658,0.0,27,98,0,0.5750660920797362,1334.0
1334,0.0,13,42,0.0,1396,0.0,13348,0.0,18,83,0,0.5750482456610371,1335.0
1335,0.0,32,52,0.0,266,0.0,19845,0.0,33,57,1,0.5741150511263355,1336.0
1336,1.0,19,56,0.0,1369,0.0,13402,1.0,33,68,0,0.5737028929423175,1337.0
1337,0.0,20,40,0.0,989,0.0,19033,0.0,21,46,0,0.5736779146284063,1338.0
1338,0.0,19,40,0.0,1137,0.0,16823,0.0,22,98,0,0.5734385227813812,1339.0
1339,0.0,3,59,0.0,1420,0.0,18844,0.0,30,32,0,0.5719974226893776,1340.0
1340,0.0,19,55,0.0,282,0.0,19187,0.0,23,58,0,0.5718645472984936,1341.0
1341,0.0,14,43,0.0,1291,0.0,17603,0.0,14,65,0,0.569865093569255,1342.0
1342,0.0,6,37,0.0,799,1.0,7491,1.0,12,59,0,0.5698123771414062,1343.0
1343,0.0,20,40,0.0,1398,0.0,18041,0.0,21,79,0,0.5693572904165976,1344.0
1344,0.0,18,41,0.0,1276,0.0,16595,0.0,22,91,0,0.5685568793975596,1345.0
1345,0.0,16,43,0.0,823,0.0,19392,0.0,21,81,0,0.5679910842229254,1346.0
1346,0.0,5,50,0.0,1126,0.0,17399,0.0,32,66,0,0.5676736097681856,1347.0
1347,0.0,13,47,0.0,1162,0.0,11957,0.0,14,98,0,0.5673030231068721,1348.0
1348,0.0,21,40,0.0,1416,0.0,19436,0.0,22,49,0,0.5669465450136858,1349.0
1349,0.0,5,53,0.0,970,0.0,14814,0.0,32,59,0,0.5655900108878297,1350.0
1350,0.0,20,42,0.0,1147,0.0,16799,0.0,21,31,0,0.5653585282701845,1351.0
1351,0.0,20,44,0.0,1376,0.0,10482,0.0,24,91,1,0.5647295252819343,1352.0
1352,0.0,9,45,0.0,1234,0.0,17650,0.0,26,90,0,0.5636302632504714,1353.0
1353,0.0,25,43,0.0,982,0.0,14336,0.0,25,59,0,0.5631572969109921,1354.0
1354,0.0,8,49,0.0,1490,0.0,10466,0.0,29,35,0,0.5626061334568838,1355.0
1355,0.0,22,41,0.0,1360,0.0,19545,0.0,23,49,1,0.5623208044568659,1356.0
1356,0.0,9,54,0.0,1082,0.0,10686,0.0,13,41,0,0.5617096313559454,1357.0
1357,0.0,5,56,0.0,718,0.0,19943,0.0,28,92,0,0.5611477334506836,1358.0
1358,0.0,23,45,0.0,1238,0.0,10748,0.0,25,74,0,0.5602369934089513,1359.0
1359,0.0,5,52,0.0,1490,0.0,16555,0.0,31,30,0,0.5598617529472931,1360.0
1360,0.0,7,50,0.0,854,0.0,19517,0.0,32,68,0,0.5584634990975743,1361.0
1361,0.0,14,50,0.0,813,0.0,13269,0.0,19,50,0,0.5567737468933734,1362.0
1362,0.0,10,51,0.0,1469,0.0,12490,0.0,16,81,0,0.5546159197324314,1363.0
1363,0.0,16,58,0.0,350,0.0,16291,0.0,37,52,0,0.5541761814967514,1364.0
1364,0.0,22,44,0.0,1099,0.0,18213,0.0,26,88,0,0.554087576428117,1365.0
1365,0.0,20,45,0.0,1195,0.0,16792,0.0,22,65,0,0.5535854192117404,1366.0
1366,0.0,19,46,0.0,1319,0.0,13225,0.0,25,45,0,0.5529251754866323,1367.0
1367,0.0,10,50,0.0,797,0.0,19144,0.0,28,96,0,0.5521409519620172,1368.0
1368,0.0,8,35,0.0,950,1.0,10221,1.0,17,59,0,0.5507865558774673,1369.0
1369,0.0,25,44,0.0,1199,0.0,19190,0.0,26,92,0,0.5507520941750836,1370.0
1370,0.0,10,54,0.0,584,0.0,17426,0.0,36,91,0,0.5497471362444631,1371.0
1371,0.0,10,56,0.0,832,0.0,11103,0.0,30,81,0,0.5475352465433018,1372.0
1372,0.0,7,53,0.0,1223,0.0,18606,0.0,26,50,0,0.5473034818953216,1373.0
1373,0.0,9,52,0.0,1053,0.0,17099,0.0,26,70,0,0.5466127475109372,1374.0
1374,0.0,7,55,0.0,1136,0.0,14732,0.0,31,81,0,0.5464274257543075,1375.0
1375,0.0,4,31,1.0,853,0.0,4148,1.0,4,96,0,0.5460922350351003,1376.0
1376,0.0,10,54,0.0,685,0.0,17779,0.0,36,85,0,0.5449869019860041,1377.0
1377,0.0,14,36,0.0,796,1.0,8858,1.0,15,51,0,0.5439984515234214,1378.0
1378,0.0,26,46,0.0,1402,0.0,17048,0.0,28,69,0,0.5429432113928415,1379.0
1379,0.0,20,40,0.0,302,1.0,13237,1.0,22,75,0,0.5402467851538846,1380.0
1380,0.0,16,35,0.0,1296,1.0,8095,1.0,17,62,0,0.5400489379364664,1381.0
1381,0.0,34,52,0.0,621,0.0,16856,0.0,34,31,0,0.5385151825486617,1382.0
1382,0.0,22,48,0.0,1224,0.0,19665,0.0,29,91,0,0.5375715691696625,1383.0
1383,0.0,31,50,0.0,881,0.0,17924,0.0,31,98,0,0.5356270877753402,1384.0
1384,0.0,7,25,1.0,772,0.0,5206,1.0,7,77,0,0.5348799062249608,1385.0
1385,0.0,27,50,0.0,1099,0.0,17046,0.0,28,88,0,0.5344547903663879,1386.0
1386,0.0,29,60,0.0,422,0.0,19566,0.0,33,41,0,0.5335458934001419,1387.0
1387,0.0,17,53,0.0,1376,0.0,14852,0.0,22,45,0,0.5334468376517038,1388.0
1388,0.0,33,52,0.0,699,0.0,19999,0.0,34,65,0,0.5327864286215295,1389.0
1389,0.0,20,51,0.0,1318,0.0,16307,0.0,29,66,0,0.5324525708549228,1390.0
1390,0.0,14,53,0.0,1282,0.0,19094,0.0,26,58,0,0.5308512027629616,1391.0
1391,0.0,25,53,0.0,1219,0.0,15427,0.0,31,78,0,0.5269012372991896,1392.0
1392,0.0,36,55,0.0,685,0.0,19586,0.0,36,60,0,0.5256362987009754,1393.0
1393,0.0,6,26,1.0,1479,0.0,6397,1.0,6,84,0,0.5143436146812198,1394.0
1394,0.0,9,27,1.0,294,0.0,8793,1.0,9,32,0,0.5136582604380192,1395.0
1395,0.0,10,48,0.0,855,1.0,7898,1.0,11,54,0,0.5125043726906592,1396.0
1396,0.0,5,51,0.0,1405,1.0,13142,1.0,29,82,0,0.4883316492249558,1397.0
1397,0.0,6,56,0.0,1400,1.0,7260,1.0,37,49,0,0.48592280649496095,1398.0
1398,0.0,9,34,1.0,426,0.0,4724,1.0,9,42,0,0.47336728039569925,1399.0
1399,0.0,0,34,0.0,167,0.0,5121,1.0,7,32,0,0.46183037126079995,1400.0
1400,0.0,9,59,0.0,1429,1.0,10512,1.0,25,67,0,0.4582806906977234,1401.0
1401,0.0,4,36,1.0,688,0.0,5131,1.0,18,97,0,0.45746239241722647,1402.0
1402,0.0,1,43,0.0,177,0.0,4765,1.0,4,55,0,0.4465624404938696,1403.0
1403,0.0,8,38,1.0,508,0.0,5321,1.0,10,72,0,0.43910905367441094,1404.0
1404,0.0,10,31,1.0,798,0.0,8943,1.0,10,48,0,0.4382788355510736,1405.0
1405,0.0,3,45,1.0,1199,0.0,6434,1.0,9,77,0,0.42992214253878464,1406.0
1406,0.0,10,34,1.0,1069,0.0,9547,1.0,10,45,0,0.4115813829842043,1407.0
1407,0.0,2,22,0.0,1230,0.0,4775,1.0,4,33,0,0.4024553099015929,1408.0
1408,0.0,3,55,1.0,1091,0.0,10976,1.0,23,65,0,0.36787704246164804,1409.0
1409,0.0,8,43,1.0,1082,0.0,10820,1.0,18,83,0,0.3605496145478028,1410.0
1410,0.0,5,54,1.0,966,0.0,10502,1.0,33,53,0,0.3413323714925485,1411.0
1411,0.0,4,24,0.0,673,0.0,4011,1.0,5,96,0,0.3341156999330695,1412.0
1412,0.0,3,29,0.0,232,0.0,4262,1.0,8,34,0,0.32989628917822955,1413.0
1413,0.0,9,52,1.0,890,0.0,13826,1.0,31,81,0,0.32218705024049904,1414.0
1414,0.0,3,27,0.0,1055,0.0,4227,1.0,4,47,0,0.32072048205478426,1415.0
1415,0.0,1,46,0.0,1144,0.0,5258,1.0,7,30,0,0.31946705322645724,1416.0
1416,0.0,1,38,0.0,1261,0.0,6553,1.0,14,88,0,0.3191474345927058,1417.0
1417,0.0,4,24,0.0,1206,0.0,4377,1.0,5,41,0,0.31641315015652793,1418.0
1418,0.0,4,25,0.0,685,0.0,4898,1.0,5,62,0,0.3090836536610865,1419.0
1419,0.0,1,51,0.0,1169,0.0,6132,1.0,10,34,0,0.2858361920308337,1420.0
1420,0.0,3,36,0.0,216,0.0,4941,1.0,7,84,0,0.28564520782365455,1421.0
1421,0.0,5,28,0.0,580,0.0,4877,1.0,6,39,0,0.26600394797013555,1422.0
1422,0.0,3,36,0.0,894,0.0,4374,1.0,4,33,0,0.25943937711142634,1423.0
1423,0.0,5,31,0.0,979,0.0,4345,1.0,6,90,0,0.23806114461025246,1424.0
1424,0.0,8,26,0.0,1066,0.0,5472,1.0,8,32,0,0.23713505989215825,1425.0
1425,0.0,5,34,0.0,1153,0.0,4325,1.0,5,94,0,0.22519588972240628,1426.0
1426,0.0,9,27,0.0,608,0.0,7412,1.0,9,68,0,0.21920154490911506,1427.0
1427,0.0,6,46,0.0,150,0.0,7379,1.0,12,60,0,0.2098888730534106,1428.0
1428,0.0,8,28,0.0,1083,0.0,6549,1.0,8,96,0,0.2095680051856379,1429.0
1429,0.0,10,29,0.0,1496,0.0,4319,1.0,10,41,0,0.2085329482290558,1430.0
1430,0.0,13,31,0.0,480,0.0,4306,1.0,13,31,0,0.20775654320557418,1431.0
1431,0.0,8,32,0.0,498,0.0,6725,1.0,8,93,0,0.19752638400139802,1432.0
1432,0.0,9,28,0.0,950,0.0,7655,1.0,10,93,0,0.19586604441620642,1433.0
1433,0.0,5,39,0.0,492,0.0,5295,1.0,7,66,0,0.19313622677534673,1434.0
1434,0.0,4,37,0.0,671,0.0,5768,1.0,9,85,0,0.1909290565031065,1435.0
1435,0.0,6,30,0.0,1176,0.0,9957,1.0,7,85,0,0.19037410409763436,1436.0
1436,0.0,5,38,0.0,903,0.0,4855,1.0,7,81,1,0.1865400174887455,1437.0
1437,0.0,6,37,0.0,446,0.0,6447,1.0,8,65,0,0.1842747455922337,1438.0
1438,0.0,11,34,0.0,470,0.0,5957,1.0,13,84,0,0.17336518584363236,1439.0
1439,0.0,10,29,0.0,1389,0.0,9980,1.0,10,51,0,0.17035851181597783,1440.0
1440,0.0,9,36,0.0,676,0.0,5228,1.0,10,35,0,0.1683198131992149,1441.0
1441,0.0,4,53,0.0,1084,0.0,4450,1.0,5,57,0,0.16450637416051225,1442.0
1442,0.0,7,37,0.0,1115,0.0,5993,1.0,7,51,0,0.16366323373517241,1443.0
1443,0.0,14,32,0.0,859,0.0,6162,1.0,14,98,0,0.16151613375237445,1444.0
1444,0.0,6,37,0.0,1192,0.0,6347,1.0,8,61,0,0.16042915379758,1445.0
1445,0.0,7,35,0.0,1180,0.0,5762,1.0,15,90,0,0.15557784927054435,1446.0
1446,0.0,5,42,0.0,926,0.0,5265,1.0,11,36,0,0.15120984135354149,1447.0
1447,0.0,7,38,0.0,1084,0.0,6261,1.0,9,54,0,0.14909213597836524,1448.0
1448,0.0,10,39,0.0,867,0.0,5151,1.0,10,87,0,0.1467848710905336,1449.0
1449,0.0,7,39,0.0,1387,0.0,5377,1.0,10,76,0,0.14601546675225363,1450.0
1450,0.0,10,37,0.0,482,0.0,9434,1.0,10,36,0,0.1459608086252485,1451.0
1451,0.0,9,42,0.0,933,0.0,4434,1.0,10,98,0,0.14484472248054936,1452.0
1452,0.0,13,31,0.0,1274,0.0,10648,1.0,13,33,0,0.14386499682518591,1453.0
1453,0.0,7,35,0.0,1370,0.0,6883,1.0,17,49,0,0.1430988135718401,1454.0
1454,0.0,7,35,0.0,819,0.0,10274,1.0,15,44,0,0.1394420220237754,1455.0
1455,0.0,9,45,0.0,556,0.0,5906,1.0,10,93,0,0.13023459122624792,1456.0
1456,0.0,14,37,0.0,977,0.0,6474,1.0,14,56,0,0.12849338344100372,1457.0
1457,0.0,13,35,0.0,672,0.0,10903,1.0,16,78,0,0.12717900470893176,1458.0
1458,0.0,5,47,0.0,983,0.0,5070,1.0,20,65,0,0.12486283483323177,1459.0
1459,0.0,4,51,0.0,1302,0.0,5482,1.0,13,84,0,0.12260349568727291,1460.0
1460,0.0,10,45,0.0,1329,0.0,5770,1.0,10,59,0,0.11070970195439542,1461.0
1461,0.0,21,39,0.0,466,0.0,12742,1.0,21,65,0,0.10504100440909317,1462.0
1462,0.0,10,46,0.0,1485,0.0,4810,1.0,19,87,0,0.10424153927356523,1463.0
1463,0.0,8,46,0.0,566,0.0,10845,1.0,13,75,0,0.10057969846746913,1464.0
1464,0.0,9,46,0.0,706,0.0,8578,1.0,12,82,0,0.10034715866057464,1465.0
1465,0.0,15,49,0.0,470,0.0,6567,1.0,16,96,0,0.09961054582168105,1466.0
1466,0.0,18,40,0.0,884,0.0,10435,1.0,18,80,0,0.09189305466057787,1467.0
1467,0.0,20,41,0.0,582,0.0,13570,1.0,21,60,0,0.0882768102222671,1468.0
1468,0.0,33,53,0.0,607,0.0,10169,1.0,34,78,1,0.04853895652725923,1469.0
1469,0.0,10,54,0.0,1441,0.0,10739,1.0,22,56,0,0.04707812637621662,1470.0
